,CountryCode,ShortName,GDP,Life expectancy,Enrollment primary education,Enrollment secondary education,Enrollment tertiary education,Renewable energy consumption,Fossil fuel energy consumption,Year,Education
0,ABW,Aruba,24289.141516132597,74.95353658536591,113.728660583496,95.83605194091801,37.3517189025879,5.472760428860179,94.52723957113982,2010,246.9164314270019
1,ABW,Aruba,25353.787544644103,75.0813902439024,105.219398498535,97.0151214599609,38.737621307373,5.66206401405908,94.33793598594092,2011,240.97214126586888
2,ABW,Aruba,24821.46453038835,75.205756097561,104.062759399414,111.174522399902,37.7611312866211,5.56741222145963,94.43258777854037,2012,252.9984130859371
3,AFG,Afghanistan,569.940728793286,58.970829268292704,99.3988189697266,50.1814994812012,3.74394011497498,15.1715175144124,84.8284824855876,2010,153.32425856590277
4,AFG,Afghanistan,622.379654358451,59.327951219512215,97.4010162353516,51.77017974853521,3.74394011497498,10.807524891266699,89.1924751087333,2011,152.9151360988618
5,AFG,Afghanistan,690.8426290149561,59.67960975609761,103.94474792480499,54.038238525390604,3.74394011497498,12.98952120283955,87.01047879716045,2012,161.72692656517057
6,AGO,Angola,3928.8245135436296,50.654170731707296,123.83676147460899,31.313989639282198,7.49503993988037,57.2750449010808,39.6231118028568,2010,162.64579105377157
7,AGO,Angola,5053.7386489293,51.0593170731707,140.453704833984,31.5163898468018,7.49503993988037,57.703080525119994,38.7762231544854,2011,179.46513462066616
8,AGO,Angola,5531.77629869671,51.464,132.1452331542965,31.415189743042,7.49503993988037,57.175269970632286,38.9047614213091,2012,171.05546283721887
9,ALB,Albania,4094.3588320382396,76.97851219512201,114.73767151178102,97.30184866434122,43.5615310668945,37.18621254807261,63.0060071058106,2010,255.60105124301674
10,ALB,Albania,4437.81199900225,77.16321951219508,114.737671511781,97.30184866434122,47.74272155761721,36.152322248187396,61.76574819600221,2011,259.7822417337394
11,ALB,Albania,4247.48543681502,77.35046341463409,114.8492174422132,97.35527928249293,55.5009613037109,38.2218347471341,59.3713080107761,2012,267.705458028417
12,ARB,Arab World,5955.0647563846605,70.0030169216615,99.2714080810547,69.1984100341797,24.9440593719482,5.802544951822821,96.3573934062905,2010,193.41387748718262
13,ARB,Arab World,6911.56685935063,70.2193474619285,99.0228118896484,71.6562271118164,24.6085605621338,5.6646016909064505,96.51452377434792,2011,195.28759956359858
14,ARB,Arab World,7465.145863912049,70.4289908434045,100.747459411621,72.5493087768555,25.9841194152832,4.6443757030718205,96.2101531035948,2012,199.2808876037597
15,ARE,United Arab Emirates,34341.9112921486,76.67524390243901,112.71839141845699,97.35527928249293,64.05192222915777,0.139800814197871,99.9035185366592,2010,274.1255929301077
16,ARE,United Arab Emirates,39901.2209155518,76.85119512195119,110.88981628417999,97.35527928249293,64.05192222915777,0.141917439831288,99.89937134284521,2011,272.2970177958307
17,ARE,United Arab Emirates,41712.1242109135,77.0241463414634,108.328399658203,97.35527928249293,64.05192222915777,0.133041001442044,99.9052535796254,2012,269.7356011698537
18,ARG,Argentina,11198.642566685901,75.48497560975609,118.434768676758,90.22608184814449,74.8296585083008,8.960670110803651,89.51248386063509,2010,283.4905090332033
19,ARG,Argentina,13392.9169036445,75.64904878048779,117.565986633301,91.93817138671879,78.626106262207,8.95107637128109,89.6429655412694,2011,288.1302642822268
20,ARG,Argentina,14357.4115893903,75.816243902439,123.746459960938,107.28875732421899,80.3078079223633,8.772578263328219,89.80422866834152,2012,311.34302520752027
21,ARM,Armenia,3124.78401786195,74.2263414634146,114.8492174422132,97.35527928249294,50.6244697570801,9.36341748972634,67.3991814026011,2010,262.8289664817862
22,ARM,Armenia,3417.1718359991496,74.3428292682927,114.88655673510853,97.35527928249294,51.00141906738279,8.01900315689258,71.5412624263733,2011,263.2432550849843
23,ARM,Armenia,3565.5175749254,74.45209756097559,114.88655673510851,97.35527928249293,46.04359054565421,6.56787286973008,77.3316937320935,2012,258.28542656325567
24,AUS,Australia,51845.6548605562,81.6951219512195,104.431381225586,130.844253540039,79.771629333496,7.15970778869288,95.0724797361545,2010,315.047264099121
25,AUS,Australia,62216.5471294133,81.89512195121951,104.417198181152,133.045074462891,83.243408203125,7.477579185657411,94.846151997498,2011,320.70568084716797
26,AUS,Australia,67646.1038529626,82.04634146341459,104.83840179443399,135.53543090820298,86.3340911865234,8.44266614733211,94.39264051271641,2012,326.7079238891604
27,AUT,Austria,46659.840818134406,80.58048780487809,100.15052032470699,98.54810333251949,68.7215194702148,31.3980513617781,70.1076611774773,2010,267.4201431274413
28,AUT,Austria,51123.561329166296,80.9829268292683,100.377090454102,97.9698486328125,70.99989318847659,31.459278040352398,69.0310165506824,2011,269.3468322753911
29,AUT,Austria,48324.2540367606,80.9365853658537,101.207847595215,97.6903610229492,72.4360580444335,34.450599214459096,66.6567943619979,2012,271.3342666625977
30,AZE,Azerbaijan,5842.805783585761,70.4502926829268,93.76229858398442,98.80386352539058,19.2600402832031,4.449733916110031,96.93249161408221,2010,211.8262023925781
31,AZE,Azerbaijan,7189.69122920765,70.5512926829268,95.573631286621,99.5238418579102,19.647310256958,3.5563305560703795,97.8625715488742,2011,214.7447834014892
32,AZE,Azerbaijan,7393.77187697623,70.62495121951221,97.9553070068359,100.268608093262,20.4384593963623,2.8455217297110296,98.47670156655079,2012,218.6623744964602
33,BDI,Burundi,214.230990840075,54.8291951219512,135.123107910156,23.148790359497102,3.16599011421204,96.855982963671,3.1440170363290036,2010,161.43788838386513
34,BDI,Burundi,240.614483459126,55.312024390243906,139.158203125,25.9621505737305,3.00311994552612,96.64631982553641,3.353680174463591,2011,168.12347364425662
35,BDI,Burundi,244.19648623151002,55.7892926829268,137.4150390625,28.497999191284197,3.72432994842529,96.75115139460371,3.24884860539629,2012,169.6373682022095
36,BEL,Belgium,44282.5493214554,80.2341463414634,104.04486083984399,105.07527160644501,67.520881652832,5.18756007288327,73.70715198744641,2010,276.641014099121
37,BEL,Belgium,47699.8070518961,80.5853658536585,103.667930603027,106.46234130859399,69.2604827880859,5.46170735535216,68.8622825962735,2011,279.39075469970686
38,BEL,Belgium,44731.2194794638,80.3853658536585,103.355331420898,107.261611938477,70.8275527954102,7.38454222614672,69.1293681458818,2012,281.4444961547852
39,BEN,Benin,732.9536227266742,58.7297073170732,116.28954315185499,47.6814994812012,13.260009765625,51.5493723622777,41.5541857358705,2010,177.2310523986812
40,BEN,Benin,799.0355591314301,58.9329024390244,118.607521057129,47.6814994812012,12.365119934082001,51.1920440498255,41.8098074461241,2011,178.6541404724122
41,BEN,Benin,807.6884510172321,59.1219756097561,122.76612091064501,47.6814994812012,12.812564849853501,50.567384139342096,42.3707141842762,2012,183.26018524169973
42,BFA,Burkina Faso,574.458089293656,57.0513902439024,78.3554229736328,21.894510269165,3.5795900821685804,83.685211868941,16.314788131059004,2010,103.82952332496637
43,BFA,Burkina Faso,665.807446693793,57.492048780487785,82.238426208496,23.817480087280305,4.14663982391357,80.0100589387548,19.989941061245204,2011,110.20254611968987
44,BFA,Burkina Faso,673.0267834254071,57.879317073170704,84.96495056152341,25.922910690307607,4.56077003479004,81.8476354038479,18.152364596152097,2012,115.44863128662105
45,BGD,Bangladesh,760.3319352001952,70.0802926829268,104.461738586426,49.8884696960449,13.1903748512268,41.026906552831896,71.3989782150986,2010,167.5405831336977
46,BGD,Bangladesh,838.547801702232,70.4719512195122,114.202362060547,50.79389953613279,13.152819633483901,39.5537384758395,72.04490822248908,2011,178.1490812301637
47,BGD,Bangladesh,858.933362587621,70.8602682926829,109.3320503234865,53.6488914489746,13.2279300689697,38.2997229747086,72.99875222955579,2012,176.2088718414308
48,BGR,Bulgaria,6752.552177748821,73.5121951219512,103.201820373535,90.4384918212891,57.992950439453104,14.368109565090199,73.202076253634,2010,251.6332626342772
49,BGR,Bulgaria,7750.03988003072,74.16341463414629,100.92662811279301,93.2321624755859,59.6252288818359,13.275559169121099,75.0209328798813,2011,253.78401947021482
50,BGR,Bulgaria,7333.355073039449,74.31463414634149,99.52832794189449,93.11093139648442,62.6964797973633,15.7507407035973,72.1610978832518,2012,255.33573913574222
51,BHR,Bahrain,20386.0175551115,76.1275609756098,114.88655673510851,96.436668395996,36.5516395568848,0.11950835803550319,99.8804916419645,2010,247.8748646879893
52,BHR,Bahrain,22238.7119502059,76.2678536585366,114.88655673510853,101.490303039551,36.5516395568848,0.08271915887630144,99.9172808411237,2011,252.92849933154432
53,BHS,The Bahamas,21920.516586758302,74.5923902439024,107.962890625,92.8586883544922,64.05192222915778,1.5886077659666598,98.41139223403334,2010,264.87350120864994
54,BLR,Belarus,5818.8548592157995,70.4048780487805,103.408348083496,106.960273742676,78.994140625,7.016370880922611,91.9883609410177,2010,289.362762451172
55,BLR,Belarus,6305.773662476529,70.5536585365854,101.203399658203,106.30275726318399,85.6971206665039,7.37848466775092,91.3924705961574,2011,293.2032775878909
56,BLR,Belarus,6721.8349077396815,71.9658536585366,99.1326065063477,106.363739013672,91.4524688720703,7.249394130804879,91.04727046310431,2012,296.94881439209
57,BLZ,Belize,4344.136669060879,69.7820487804878,120.61302947997999,80.5227279663085,22.5795001983643,26.9344129004042,73.0655870995958,2010,223.7152576446528
58,BLZ,Belize,4517.12399716883,69.8436829268293,118.818641662598,81.1442413330078,22.863380432128896,26.8002952634995,73.19970473650051,2011,222.82626342773472
59,BLZ,Belize,4674.29337673407,69.9051463414634,120.78366851806601,84.0122528076172,25.787969589233303,26.867354081951852,73.13264591804815,2012,230.5838909149165
60,BOL,Bolivia,1981.1601052570104,66.40775609756099,98.0042266845703,77.5375900268555,16.72571686967402,33.5383341388364,71.64524284050059,2010,192.2675335810998
61,BOL,Bolivia,2377.70068972888,66.9425609756098,94.45384979248051,77.2704620361328,16.72571686967402,32.6775903791362,71.67500066581091,2011,188.45002869828733
62,BOL,Bolivia,2645.29027433174,67.4454634146341,92.0059432983398,78.1713790893555,16.725716869674017,27.9853059719218,77.016608981501,2012,186.90303925736933
63,BRB,Barbados,15901.4329353355,74.8452926829268,105.680709838867,101.499298095703,64.811912536621,8.814995675598151,91.18500432440185,2010,271.991920471191
64,BRB,Barbados,15530.8942915589,75.0081463414634,105.28556060791,104.66017913818399,60.8425216674805,9.47726964900658,90.52273035099341,2011,270.78826141357445
65,BRN,Brunei,31453.2243965354,77.5982682926829,101.023597717285,100.67981719970699,17.6038494110107,0.015310751194419148,99.99560472933635,2010,219.3072643280027
66,BRN,Brunei,41787.0214028978,77.9323170731708,98.32408905029301,103.015167236328,19.722589492797894,0.0158307065371632,99.9956363279571,2011,221.0618457794189
67,BRN,Brunei,41807.6533410575,78.2525853658537,95.45850372314449,107.84619903564501,24.338689804077106,0.0147907958516751,99.9955731307156,2012,227.6433925628666
68,BTN,Bhutan,2201.2930777893603,67.8924146341463,110.489433288574,66.25247192382811,7.00696992874146,91.38449976190759,8.615500238092409,2010,183.74887514114357
69,BTN,Bhutan,2485.78705216849,68.3231951219512,112.17575836181601,69.6934432983398,8.74055957794189,89.9623125596346,10.037687440365403,2011,190.6097612380977
70,BTN,Bhutan,2452.15158793741,68.7229024390244,112.331871032715,73.9374694824219,9.4283103942871,90.6734061607711,9.326593839228906,2012,195.697650909424
71,BWA,Botswana,6244.00257387272,63.4022926829268,108.166519165039,97.35527928249293,16.9935894012451,24.1049180959398,66.3292822154581,2010,222.515387848777
72,BWA,Botswana,7504.850907448979,63.951609756097604,108.166519165039,97.35527928249293,17.907030105590803,24.5427801705814,64.7476932688676,2011,223.4288285531227
73,BWA,Botswana,6935.59365266593,64.22273170731711,108.166519165039,97.35527928249293,17.45030975341795,23.8516654375521,64.10676851293839,2012,222.97210820094986
74,CAF,Central African Republic,446.800204552837,47.6253170731707,93.7123489379883,17.984274864196752,2.6120400428772004,79.8106143056122,20.189385694387795,2010,114.30866384506224
75,CAF,Central African Republic,484.58321812200796,48.3504390243903,94.40875244140629,18.1766605377197,3.05465006828308,78.3746143693353,21.625385630664695,2011,115.64006304740907
76,CAF,Central African Republic,469.684287056822,49.105292682926795,95.2019271850585,17.791889190673803,2.840859889984129,79.09261433747375,20.907385662526252,2012,115.83467626571642
77,CAN,Canada,47463.631192364905,80.89348780487809,98.6534881591797,102.348159790039,64.05192222915778,20.6560972863199,74.3884977273915,2010,265.0535701783765
78,CAN,Canada,52086.53352462701,81.0683170731707,98.3009185791016,103.404747009277,64.05192222915777,20.6911805749275,73.5312242688377,2011,265.7575878175364
79,CAN,Canada,52733.473689010185,81.2380487804878,99.0966262817383,111.20378112792999,64.05192222915777,20.5987217759522,73.3954920199198,2012,274.35232963882606
80,CEB,Central Europe and the Baltics,12546.047643268,75.29534872880002,99.426902770996,96.52661895751949,65.63916015625,13.487770469698804,80.3034206030738,2010,261.5926818847655
81,CEB,Central Europe and the Baltics,13869.2476850388,75.93690749791459,99.19476318359379,97.2688522338867,64.4702987670898,13.613852465098699,80.2035807265998,2011,260.9339141845703
82,CEB,Central Europe and the Baltics,12981.647066105601,76.02213083516271,99.5027618408203,97.2472381591797,64.6060104370117,14.564339670452002,78.64887592432801,2012,261.3560104370117
83,CHE,Switzerland,74277.12051255669,82.24634146341471,102.515487670898,95.79712677001949,52.757228851318395,21.200906559005197,51.5655992428555,2010,251.06984329223587
84,CHE,Switzerland,88002.6095703805,82.6951219512195,102.86888885497999,96.18762969970699,54.33826828002921,21.310707841763602,50.4146823266065,2011,253.3947868347162
85,CHE,Switzerland,83208.68654235,82.6975609756098,102.794242858887,96.3063812255859,55.56190109252921,22.6829471706078,50.9328928838729,2012,254.6625251770021
86,CHL,Chile,12785.051874948502,80.2758048780488,102.234619140625,89.12035369873051,65.9344329833984,26.967397615020598,77.61830203050259,2010,257.2894058227539
87,CHL,Chile,14582.1705192521,80.5869756097561,101.505828857422,89.8653564453125,70.51934814453129,28.722085377659198,76.7094207834565,2011,261.8905334472658
88,CHL,Chile,15253.330825961999,80.89485365853659,101.21813201904301,89.01062774658199,74.391990661621,30.2726133007203,70.0294987422752,2012,264.620750427246
89,CHN,China,4514.9405201338,74.8850243902439,128.85510253906298,83.12876892089841,23.321529388427702,19.0791252999497,87.7723560713829,2010,235.3054008483891
90,CHN,China,5574.18709336902,75.042,127.949676513672,86.6121978759766,24.3284091949463,18.016482523578894,88.41866488647209,2011,238.8902835845949
91,CHN,China,6264.64387793993,75.199512195122,127.85205078125,88.97799682617192,26.7000007629395,18.362548391687,88.234699853205,2012,243.53004837036144
92,CIV,Côte d'Ivoire,1236.08519806872,50.1514634146342,92.0892028808594,52.92277546955331,8.35914993286133,75.4242067587347,22.7830064449964,2010,153.37112828327403
93,CIV,Côte d'Ivoire,1231.8678340517301,50.5172195121951,89.96019744873051,52.92277546955331,6.411530017852785,79.31484698330999,20.5662443281185,2011,149.2945029361366
94,CIV,Côte d'Ivoire,1281.38286516731,50.8633414634146,94.2182083129883,52.92277546955331,4.46391010284424,74.3988993949229,24.5310091482901,2012,151.60489388538585
95,CMR,Cameroon,1147.24234678519,53.6948292682927,106.038429260254,48.78318023681645,11.0224199295044,78.6042373329337,31.1639633691221,2010,165.84402942657485
96,CMR,Cameroon,1258.92465066853,54.1373658536585,105.73298645019501,47.1884918212891,11.906749725341802,78.44117950798899,27.569543832972602,2011,164.82822799682592
97,CMR,Cameroon,1222.19214220436,54.587512195122,110.615028381348,50.3778686523438,11.464584827423101,78.11013984318001,27.926525845689607,2012,172.4574818611149
98,COG,Congo,2953.1850078767493,59.1431219512195,111.16903686523399,53.66316986083979,9.71453475952147,50.14363781116121,45.2189345932452,2010,174.54674148559525
99,COG,Congo,3453.2212288564697,60.085170731707294,111.64981079101601,53.66316986083979,9.064629554748539,49.544628062836,48.3333899893069,2011,174.37761020660434
100,COG,Congo,3191.1642988109397,60.9239024390244,109.415809631348,53.66316986083979,10.3644399642944,48.1863066589929,47.92390359924401,2012,173.4434194564822
101,COL,Colombia,6250.65449979147,73.2778536585366,114.91374206542999,95.96434783935551,38.9917488098145,27.9315336623273,76.95310386804441,2010,249.8698387146
102,COL,Colombia,7227.770829556441,73.4548048780488,114.91374206542999,97.0625686645508,42.7413215637207,26.417741743692602,75.71843547803951,2011,254.71763229370148
103,COL,Colombia,7885.061292302141,73.63078048780491,114.91374206542999,92.8147430419922,45.0190315246582,26.2744366573836,75.5845145477952,2012,252.7475166320804
104,COM,Comoros,739.897790576235,61.830512195122004,106.16126251220699,97.35527928249293,6.3469099998474094,50.2037933798067,49.7962066201933,2010,209.86345179454733
105,COM,Comoros,790.568095579413,62.212756097561,106.16126251220699,97.35527928249293,8.95119953155518,46.849450137442204,53.150549862557796,2011,212.4677413262551
106,CPV,Cabo Verde,3393.92749190379,72.59790243902441,111.12950897216801,87.7602081298828,17.9768905639648,27.623550534186894,72.37644946581311,2010,216.86660766601562
107,CPV,Cabo Verde,3766.1116544232395,72.7095609756098,111.538772583008,90.4087295532227,20.6205997467041,21.2017319913292,78.7982680086708,2011,222.5681018829348
108,CPV,Cabo Verde,3497.69114086984,72.82821951219509,111.951400756836,92.73877716064449,20.6095504760742,24.412641262758047,75.58735873724196,2012,225.29972839355466
109,CRI,Costa Rica,7985.951035327321,78.73604878048779,109.458793640137,99.35968017578129,45.595603942871094,42.31266694385421,47.515024698768904,2010,254.4140777587894
110,CRI,Costa Rica,8963.68005199176,78.8901707317073,107.104507446289,101.106147766113,44.4502487182617,40.5023101876756,48.263918128152504,2011,252.6609039306637
111,CRI,Costa Rica,9733.39693054024,79.0535365853659,105.32769775390601,103.611976623535,46.7409591674805,38.6240329941807,47.82845245017921,2012,255.6806335449215
112,CSS,Caribbean small states,8699.510835444009,71.3849238773967,95.7360000610352,90.9215927124023,21.8479309082031,8.46895826369876,97.8990523592732,2010,208.5055236816406
113,CSS,Caribbean small states,9373.26121985724,71.5720628770668,96.3439407348633,91.07675170898442,21.697679519653306,9.461185822632087,97.7286444320038,2011,209.11837196350103
114,CSS,Caribbean small states,9586.92289361759,71.7435544225327,96.6515579223633,87.6915130615234,23.062129974365202,5.2394384460948,97.66924809547159,2012,207.4052009582519
115,CUB,Cuba,5688.66673216525,78.9356341463415,102.491050720215,89.23651123046879,95.0022811889648,17.301865431970903,88.77548254151242,2010,286.7298431396486
116,CUB,Cuba,6092.61390179952,79.039512195122,100.855628967285,89.9994964599609,80.2958526611328,19.5278621003757,86.7445848409268,2011,271.1509780883787
117,CUB,Cuba,6448.155635143199,79.1416097560976,99.3229598999023,90.2013702392578,62.451301574707,18.8740932571624,86.51515150183849,2012,251.9756317138671
118,CYP,Cyprus,30438.900194806094,79.3819512195122,101.62432861328101,91.44080352783199,48.311580657959006,6.3532230485388,95.3906538183929,2010,241.376712799072
119,CYP,Cyprus,31836.6195112171,79.571512195122,101.200538635254,92.82562255859379,46.539730072021506,7.41574686134132,94.89409483366569,2011,240.5658912658693
120,CYP,Cyprus,28868.273816164503,79.7622682926829,100.175346374512,95.2998504638672,45.863590240478494,8.36186119085652,94.18066654120192,2012,241.33878707885768
121,CZE,Czech Republic,19763.963798473702,77.42439024390251,105.752807617188,94.4999313354492,63.2122192382813,9.49242779015241,79.6752917186849,2010,263.4649581909185
122,CZE,Czech Republic,21656.9414181786,77.87317073170729,102.219581604004,96.01708221435551,64.583641052246,10.236926685531198,78.71749749664349,2011,262.8203048706055
123,CZE,Czech Republic,19640.928659703797,78.07560975609759,100.358413696289,96.5520477294922,64.1733779907227,10.9261400017188,76.74858692023591,2012,261.0838394165039
124,DEU,Germany,41788.0447853084,79.9878048780488,101.51911926269501,101.563522338867,64.05192222915777,10.604494570737598,79.38258800126441,2010,267.1345638307198
125,DEU,Germany,45936.081259852304,80.7414634146342,100.760879516602,101.721298217773,64.05192222915778,11.5781786333815,80.2619025303659,2011,266.53409996353275
126,DEU,Germany,44010.9313869814,80.8926829268293,100.460411071777,101.266403198242,64.05192222915777,12.384080025671699,80.4054027396733,2012,265.7787364991768
127,DJI,Djibouti,1358.46050004911,60.3606829268293,68.48190307617189,41.775548934936495,3.4069700241088903,34.4333386851789,65.56666131482109,2010,113.66442203521727
128,DJI,Djibouti,1472.01420497368,60.850560975609795,67.42501831054689,39.7239189147949,4.91984987258911,34.4441895634032,65.5558104365968,2011,112.06878709793091
129,DJI,Djibouti,1586.78013328429,61.2959756097561,69.53878784179689,43.8271789550781,4.163409948349001,34.438764124291055,65.56123587570895,2012,117.52937674522398
130,DNK,Denmark,57647.668762065,79.1,99.5539932250977,119.50733184814501,73.5818099975585,21.2844587578086,78.27421767139249,2010,292.6431350708012
131,DNK,Denmark,61304.0612046553,79.8,100.80246734619101,122.80119323730499,76.8011474609375,23.952307126784,74.790271898714,2011,300.4048080444335
132,DNK,Denmark,57636.1253095393,80.05121951219509,101.266723632813,124.65927124023399,79.5976333618164,27.563600720041,70.6381501087633,2012,305.5236282348634
133,DOM,Dominican Republic,5441.96574879171,72.7498048780488,106.990333557129,75.45050048828129,46.3773612976074,13.308403217469099,89.52041927039909,2010,228.8181953430177
134,DOM,Dominican Republic,5820.396299625971,72.94529268292679,105.455062866211,75.1019287109375,46.3773612976074,13.201628082430199,89.66665313304871,2011,226.9343528747559
135,DOM,Dominican Republic,5967.0009840552,73.1353170731707,102.63899230957001,75.9074401855469,46.3773612976074,13.192353574874,89.43299088537407,2012,224.9237937927243
136,DZA,Algeria,4473.48644568115,73.80404878048779,113.322723388672,95.39151000976558,28.7582492828369,0.257181978405563,99.8479387243765,2010,237.47248268127447
137,DZA,Algeria,5447.4039755656895,74.07,115.48494720459,97.60729217529301,30.275470733642607,0.17993919704811898,99.8875680890448,2011,243.36771011352562
138,DZA,Algeria,5583.61615950131,74.32409756097559,117.40773773193399,96.4994010925293,31.4641094207764,0.190373797304754,99.8600160655137,2012,245.37124824523968
139,EAP,East Asia & Pacific (developing only),3980.06881538386,73.1884378044482,118.945510864258,78.6811599731445,24.3546295166016,21.6221779189952,85.1187986261969,2010,221.9813003540041
140,EAP,East Asia & Pacific (developing only),4828.51441819376,73.346098770343,118.31153106689501,81.2937088012695,25.602319717407198,20.7808696077444,85.7416038034309,2011,225.20755958557172
141,EAP,East Asia & Pacific (developing only),5346.8108203547,73.5034056080703,118.205276489258,83.01361083984379,27.764009475707997,20.8694981370519,85.6795687810726,2012,228.9828968048098
142,EAS,East Asia & Pacific (all income levels),7550.87816592932,74.1318895358278,117.593803405762,80.4391632080078,27.3637199401855,17.8363666539024,84.854078615622,2010,225.3966865539553
143,EAS,East Asia & Pacific (all income levels),8685.16186317834,74.26716887602021,117.066200256348,82.935417175293,28.712099075317397,17.3721339281465,86.29969017644041,2011,228.7137165069584
144,EAS,East Asia & Pacific (all income levels),9241.17803473271,74.44456990860641,116.968032836914,84.6550369262695,30.875080108642607,17.5802666493755,86.73035520968959,2012,232.49814987182612
145,ECA,Europe & Central Asia (developing only),5949.917297212492,71.5643786926977,99.31967163085942,92.100242614746,47.914791107177706,9.903065010734027,86.76750035215728,2010,239.33470535278312
146,ECA,Europe & Central Asia (developing only),6616.604326311441,71.95186151177991,99.2621383666992,93.63500213623051,49.05509948730471,8.81604026101828,87.56726196474398,2011,241.95223999023443
147,ECA,Europe & Central Asia (developing only),6719.63403432164,72.2071262579513,98.7173080444335,93.1581802368164,51.6298217773438,9.10675804075376,87.22967639024903,2012,243.5053100585937
148,ECS,Europe & Central Asia (all income levels),23416.3128251682,75.846929030925,101.97020721435499,98.21056365966801,61.1079788208008,10.6771845697135,80.36395417642791,2010,261.28874969482376
149,ECS,Europe & Central Asia (all income levels),25681.2204329769,76.38335085151641,101.790702819824,99.0292205810547,62.1665115356445,10.666039863691301,80.3054301571528,2011,262.9864349365232
150,ECS,Europe & Central Asia (all income levels),24589.6006482957,76.5693678777299,101.57521820068399,99.26651000976558,63.1270904541016,11.3429435120193,79.87294946530321,2012,263.9688186645512
151,ECU,Ecuador,4657.30173745799,75.02980487804881,114.280830383301,85.19097900390629,40.514320373535206,11.929304634258001,89.57949574768091,2010,239.9861297607425
152,ECU,Ecuador,5223.3775749014285,75.2264390243903,114.70378112792999,85.11724853515629,40.514320373535206,13.2200206810377,88.2757994431629,2011,240.3353500366215
153,ECU,Ecuador,5702.168287893771,75.433,113.55574798584,86.84072875976558,40.514320373535206,13.373407137408199,88.31464021482391,2012,240.9107971191408
154,EGY,Egypt,2668.03598826159,70.3402926829268,112.26042175292999,75.8625793457031,33.4680595397949,5.67095665934992,96.310822041005,2010,221.591060638428
155,EGY,Egypt,2816.66694347778,70.5333170731707,108.62066650390601,85.553352355957,28.7532005310059,5.518388318635041,96.46974120305859,2011,222.92721939086888
156,EGY,Egypt,3068.1938834546004,70.7291463414634,113.42067718505899,86.3003692626953,30.056020736694304,5.4994256110512,96.3716620249797,2012,229.7770671844486
157,EMU,Euro area,37602.5619138783,80.74824622433609,104.553909301758,106.848419189453,64.80557250976561,12.5685279533874,73.0302480087043,2010,276.2079010009766
158,EMU,Euro area,40429.6680873436,81.3030711843089,103.821189880371,107.632362365723,66.719970703125,12.994308992216,72.263192042825,2011,278.173522949219
159,EMU,Euro area,37586.5934899906,81.3121195418788,102.995147705078,107.60382080078101,67.3510284423828,14.1219701799378,71.6599937127914,2012,277.9499969482418
160,ERI,Eritrea,451.426692978846,61.46614634146339,97.79136321123909,52.922775469553315,2.03361010551453,81.2465788707768,21.970131452233602,2010,152.74774878630694
161,ERI,Eritrea,544.462431141676,62.0693658536585,97.79136321123909,52.922775469553315,2.03361010551453,80.7803657418306,21.682701839697,2011,152.74774878630694
162,ESP,Spain,30737.832270838506,81.62682926829271,105.478340148926,124.63086700439501,78.0862808227539,14.403389265798197,76.0791913211814,2010,308.1954879760749
163,ESP,Spain,31832.2380807085,82.4756097560976,104.356430053711,128.51477050781298,82.6155471801758,14.749767075397699,76.58020659014142,2011,315.4867477416998
164,ESP,Spain,28647.835242689198,82.4268292682927,102.91455078125,130.806716918945,84.56585693359379,15.7452779323123,75.02599055544191,2012,318.2871246337888
165,EST,Estonia,14641.403144374199,75.4292682926829,98.4494781494141,109.11431884765601,71.65113830566409,25.1298836575445,20.574857771559106,2010,279.2149353027342
166,EST,Estonia,17453.7537611724,76.2292682926829,97.6579437255859,109.3740234375,74.705451965332,24.9835412164041,18.877978115761106,2011,281.73741912841786
167,EST,Estonia,17490.9931300409,76.3268292682927,98.10784912109379,107.062240600586,76.68409729003909,24.9085515162449,19.559749384490896,2012,281.85418701171886
168,EUU,European Union,33594.9711318351,79.7259224519391,103.89005279541,104.689033508301,64.607177734375,12.572331212831301,75.13567576760809,2010,273.186264038086
169,EUU,European Union,36244.4395516841,80.2996943439496,103.392036437988,104.262138366699,65.6714401245117,13.0818638664884,74.23311898164509,2011,273.3256149291987
170,EUU,European Union,34147.481949065696,80.3137194650473,103.21012878417999,104.09265899658199,66.17327880859379,14.1364932003583,73.4010229450847,2012,273.47606658935575
171,FCS,Fragile and conflict affected situations,1378.9216024848404,60.6539816994586,99.1433792114258,45.3895492553711,11.3857097625732,48.6031764877715,64.1102114825457,2010,155.91863822937012
172,FCS,Fragile and conflict affected situations,1429.73581027645,61.041033331129896,100.27307891845699,46.1726684570313,11.497200012207001,49.337752404035705,61.5754737025847,2011,157.94294738769528
173,FCS,Fragile and conflict affected situations,1603.8500804889902,61.4139366591297,102.36418151855499,46.8828201293945,11.582389831542999,44.8634448209425,62.438785606089,2012,160.8293914794925
174,FIN,Finland,46205.16601118549,79.87073170731709,99.0603713989258,107.199562072754,94.05499267578129,33.517270330549,48.95682348953179,2010,300.3149261474611
175,FIN,Finland,50787.564982853095,80.4707317073171,99.4349517822266,107.478218078613,95.5366668701172,35.1273844891188,46.6461755429236,2011,302.4498367309568
176,FIN,Finland,47415.5598711351,80.62682926829271,100.140151977539,107.675582885742,93.7218170166016,39.1158770869893,42.092800589199,2012,301.53755187988264
177,FJI,Fiji,4351.919334124071,69.565,104.51312255859399,90.47167205810551,64.15680710037174,12.2221321370606,87.7778678629394,2011,259.14160171707124
178,FJI,Fiji,4550.26709452374,69.7432195121951,104.643798828125,88.25067138671879,64.15680710037174,12.2221321370606,87.7778678629394,2012,257.05127731521554
179,FRA,France,40705.7662299421,81.66341463414629,108.082641601563,109.963989257813,56.063438415527294,12.1825851406197,49.8491373096311,2010,274.1100692749033
180,FRA,France,43807.4759032413,82.1146341463415,108.00544738769501,109.928993225098,57.063899993896506,11.3047732278128,48.4269574324803,2011,274.9983406066895
181,FRA,France,40850.3523734948,81.9682926829268,107.323417663574,109.70928955078101,58.304901123046896,12.5887942241418,48.7252996968223,2012,275.3376083374019
182,GAB,Gabon,9312.04946268888,62.1208292682927,164.858444213867,97.35527928249292,64.15680710037175,68.3401897363709,40.7108626651601,2010,326.3705305967316
183,GAB,Gabon,11530.147201073101,62.7050975609756,164.858444213867,97.35527928249292,64.25878840024922,68.2558799445939,41.382774829472,2011,326.4725118966091
184,GAB,Gabon,10642.4322523013,63.2807317073171,164.858444213867,97.35527928249292,64.25919308794714,69.5713728500493,40.7263993881202,2012,326.47291658430703
185,GBR,United Kingdom,38292.871131358304,80.4024390243902,106.933799743652,106.238380432129,60.507961273193395,3.2313177420432995,88.2733499684055,2010,273.68014144897444
186,GBR,United Kingdom,41020.3769643089,80.9512195121951,106.88491821289101,97.37734985351558,61.1668281555176,4.10731876467802,85.61935333604642,2011,265.42909622192417
187,GBR,United Kingdom,41294.5148008666,80.9048780487805,108.526176452637,95.4163589477539,61.8809585571289,4.35069563220353,85.15753330578171,2012,265.8234939575198
188,GEO,Georgia,2613.75692472768,73.6747317073171,109.268699645996,97.35527928249292,28.263229370117198,40.1223222232354,64.7033446252482,2010,234.88720829860608
189,GEO,Georgia,3219.6058711034602,73.80978048780491,106.988731384277,97.35527928249292,30.0835399627686,31.5376625508255,72.76506637151292,2011,234.42755062953853
190,GEO,Georgia,3528.73151084976,73.9448780487805,106.11898803710899,97.35527928249292,27.933519363403306,28.692621893000197,74.4628232768799,2012,231.4077866830052
191,GHA,Ghana,1323.09914056856,60.6099756097561,108.32624435424799,57.63929557800295,12.139379978179951,56.6273746995965,39.389165896959895,2010,178.1049199104309
192,GHA,Ghana,1587.1908727476098,60.808,106.73523712158199,57.090789794921896,12.079629898071301,53.4991253045253,40.794255386357705,2011,175.90565681457517
193,GHA,Ghana,1641.82592182439,60.977024390243905,109.917251586914,58.187801361084006,12.1991300582886,49.487521932051294,43.641853265586796,2012,180.30418300628662
194,GIN,Guinea,430.05647385910004,56.305048780487795,86.3597412109375,38.10435676574705,10.2789001464844,77.2285011374991,22.771498862500906,2010,134.74299812316895
195,GIN,Guinea,447.7909892855009,57.000536585365886,89.3043670654297,38.0739517211914,10.4314498901367,76.3215213851067,23.678478614893294,2011,137.80976867675778
196,GIN,Guinea,487.345714209237,57.6376341463415,90.832176208496,38.1347618103027,9.93175983428955,76.7750112613029,23.224988738697107,2012,138.89869785308824
197,GMB,The Gambia,562.568166674662,59.3406097560976,85.1532974243164,57.487941741943395,16.869077151505277,45.08914278208921,54.91085721791079,2010,159.51031631776507
198,GMB,The Gambia,516.984254359493,59.5605853658537,82.4531478881835,57.487941741943395,16.797592242963074,48.834288700662,51.165711299338,2011,156.73868187308997
199,GNB,Guinea-Bissau,518.598360839748,53.81436585365851,116.22160339355499,97.3552792824929,64.25879316120715,88.78239072497429,11.217609275025708,2010,277.83567583725505
200,GNQ,Equatorial Guinea,17441.0925450303,55.971000000000004,87.0697021484375,52.922775469553315,16.797591464336705,31.2768005113449,68.7231994886551,2010,156.7900690823275
201,GNQ,Equatorial Guinea,22944.926289931802,56.4468292682927,87.3573684692383,52.922775469553315,16.797356316602784,29.8151424066013,70.1848575933987,2011,157.0775002553944
202,GRC,Greece,26841.8554705027,80.3878048780488,102.873428344727,110.79567718505899,108.094581604004,11.1215262516397,90.36634837240368,2010,321.76368713379003
203,GRC,Greece,25872.013885225497,80.7317073170732,102.26648712158199,107.85671234130899,113.983360290527,11.124052861057699,90.82819577094541,2011,324.10655975341797
204,GRC,Greece,22146.9159183983,80.6341463414634,102.048126220703,108.54606628417999,116.621566772461,13.8954403683446,90.101625032647,2012,327.215759277344
205,GRD,Grenada,7365.66653539866,72.5675121951219,103.374443054199,107.799026489258,64.1580084860513,9.34845259908026,90.65154740091974,2010,275.3314780295083
206,GTM,Guatemala,2805.9513923411605,70.77546341463409,116.47943115234399,64.59124755859379,16.8683732451754,66.5854373184828,32.6603557483935,2010,197.9390519561132
207,GTM,Guatemala,3166.5825233682203,71.0104146341463,113.771629333496,65.1375579833984,16.797589158991546,66.4174054652603,30.921072247740607,2011,195.70677647588593
208,GTM,Guatemala,3278.62908271453,71.2493902439025,107.90756225585899,65.28378295898439,16.797589158991546,66.2195613497278,30.876157716716104,2012,189.98893437383492
209,GUY,Guyana,2998.94127424089,66.04270731707321,82.67259216308591,99.3938522338867,11.491310119628901,33.663856465925,66.336143534075,2010,193.5577545166015
210,GUY,Guyana,3408.72541887366,66.1291463414634,79.96595764160159,105.408042907715,12.171070098877001,36.1084556838633,63.8915443161367,2011,197.5450706481936
211,GUY,Guyana,3759.37709495872,66.2172682926829,75.1120910644531,100.976463317871,12.910510063171401,34.886156074894146,65.11384392510585,2012,188.9990644454955
212,HIC,High income,34637.8659999641,78.42194586488279,102.552993774414,98.40728759765629,73.0481262207031,9.008233594290301,82.71404453056171,2010,274.00840759277344
213,HIC,High income,37309.6446401196,78.7395070820323,102.213150024414,98.98464965820308,74.7770080566406,9.410528179499721,83.1090884569631,2011,275.9748077392577
214,HIC,High income,37321.372221542995,78.92534852766521,102.349731445313,100.39917755127001,75.2095184326172,9.597753002019939,83.1489659524145,2012,277.9584274292002
215,HKG,"Hong Kong SAR, China",32549.998231121,82.9780487804878,97.6738128662109,87.1795501708984,57.835731506347706,0.8349001630248009,94.1622316034285,2010,242.689094543457
216,HKG,"Hong Kong SAR, China",35142.4879344543,83.42195121951221,97.9001007080078,86.2210464477539,59.89669036865229,1.06513436699193,94.46197783754192,2011,244.017837524414
217,HKG,"Hong Kong SAR, China",36707.7742282554,83.4804878048781,101.160430908203,105.61817169189501,60.1254005432129,1.0573136025489398,93.3294512745702,2012,266.9040031433109
218,HND,Honduras,2110.8220208871,72.3939756097561,115.30560302734399,73.2399597167969,20.5587997436523,53.13429448983521,51.186476788296396,2010,209.1043624877932
219,HND,Honduras,2323.75711462464,72.57273170731709,113.656196594238,73.783073425293,20.478394508361802,53.9132038101431,51.296153988972215,2011,207.91766452789278
220,HND,Honduras,2395.07344192129,72.7550243902439,109.410713195801,73.089241027832,20.3979892730713,53.38615074681361,51.59029833311211,2012,202.89794349670427
221,HPC,Heavily indebted poor countries (HIPC),737.240765235793,58.648520635222,99.8106689453125,36.883449554443395,7.191870212554929,80.2948286671966,19.583249340270697,2010,143.88598871231082
222,HPC,Heavily indebted poor countries (HIPC),799.9821264492931,59.246080875681,99.922607421875,37.9229888916016,7.5170202255249,79.5173405823585,19.620859081527694,2011,145.3626165390015
223,HPC,Heavily indebted poor countries (HIPC),830.411465770609,59.7981248248856,101.102188110352,38.8497886657715,7.672969818115232,79.4813553420958,20.5653707757601,2012,147.62494659423874
224,HRV,Croatia,13509.1858157682,76.4756097560976,92.376609802246,98.3878707885742,55.83362960815421,19.4307060273165,81.9289185156779,2010,246.5981101989744
225,HRV,Croatia,14542.1775991872,76.7756097560976,94.38034057617192,97.9642181396484,58.805328369140604,17.2173333186891,81.5953158646396,2011,251.1498870849609
226,HRV,Croatia,13235.9775701749,76.92439024390241,96.82135009765629,98.42800903320308,61.6309585571289,19.9681308404715,79.1760766187254,2012,256.8803176879883
227,HUN,Hungary,13009.3453790731,74.2073170731707,102.098182678223,99.9496307373047,60.3774909973145,9.05342582385858,74.2662531462368,2010,262.4253044128422
228,HUN,Hungary,14032.774263336201,74.85853658536591,101.107597351074,100.770668029785,59.506130218505895,9.642452906144301,73.3366030578705,2011,261.3843955993649
229,HUN,Hungary,12819.712058803201,75.0634146341463,100.236763000488,101.61882019042999,59.6310806274414,10.185499566551,71.51698559694191,2012,261.4866638183594
230,IDN,Indonesia,3125.21993359966,68.1471951219512,109.92465209960899,78.4263076782227,24.885629653930696,37.8401641128113,66.6888811203797,2010,213.23658943176238
231,IDN,Indonesia,3647.626621811429,68.33439024390239,109.09822082519501,81.162727355957,27.2045497894287,38.4507992252419,65.4254427246718,2011,217.4654979705807
232,IDN,Indonesia,3700.52353809447,68.51956097560979,108.52625274658199,82.538932800293,31.5122604370117,37.0628533793735,66.4590760881079,2012,222.5774459838867
233,IND,India,1387.88008401297,66.50614634146339,113.46710205078101,65.0720596313477,18.2267894744873,40.625529382855795,72.7324387435234,2010,196.765951156616
234,IND,India,1471.65843924074,66.9041707317073,112.595321655273,68.5097808837891,23.271240234375,39.8541300419949,72.7530996369958,2011,204.3763427734371
235,IND,India,1449.66487452505,67.2898780487805,114.059913635254,71.4701614379883,24.804759979248,38.9906216330861,73.6374164000762,2012,210.3348350524903
236,IRL,Ireland,48260.665358323604,80.74390243902441,105.700393676758,121.15617370605499,70.6062393188477,5.25910935007182,89.57964901972342,2010,297.46280670166067
237,IRL,Ireland,52828.420025471394,80.7463414634146,104.729423522949,117.75919342041,73.4706802368164,7.0874139039996695,87.622476645854,2011,295.95929718017544
238,IRL,Ireland,48976.929753384815,80.89512195121951,104.412452697754,119.119331359863,71.2420272827148,6.95511278314283,86.3763998075078,2012,294.7738113403318
239,IRN,Iran,6299.918737906651,73.98317073170729,106.300796508789,81.12860107421879,43.0807685852051,0.895194789085619,99.4535140382457,2010,230.51016616821292
240,IRN,Iran,7874.48479201369,74.4125853658537,106.24764251709,83.7965774536133,48.829410552978494,0.911569389443978,99.42834790716101,2011,238.87363052368178
241,IRN,Iran,7710.513313884459,74.79934146341459,105.951538085938,86.2766876220703,55.1645317077637,0.929497113935958,99.33342384119041,2012,247.392757415772
242,ISL,Iceland,41620.0674537296,81.89756097560971,98.8367385864258,109.454307556152,78.4723663330078,76.1011696732484,17.5089354773885,2010,286.7634124755856
243,ISL,Iceland,45970.8936808937,82.35853658536591,98.5468368530273,108.553726196289,80.9423599243164,77.26750600171141,16.1666325534047,2011,288.0429229736327
244,ISL,Iceland,44258.8427932005,82.91707317073171,98.1103668212891,111.990447998047,81.3554306030273,78.1393236888574,10.2308241960191,2012,291.4562454223634
245,ISR,Israel,30736.3638939294,81.60243902439029,104.138320922852,101.948028564453,66.86919021606445,8.50335600889084,96.351907306234,2010,272.9555397033695
246,ISR,Israel,33707.3249639477,81.6560975609756,104.98348236084,101.69799041747999,65.846549987793,9.02175159345035,96.48686976061992,2011,272.52802276611294
247,ISR,Israel,32818.858376882796,81.7048780487805,105.641639709473,101.357002258301,67.8918304443359,8.67849741480222,96.61953079252329,2012,274.8904724121099
248,ITA,Italy,35877.8719327318,82.0365853658537,101.06272125244101,100.275199890137,64.268928527832,10.0936636417561,86.5216697646237,2010,265.60684967041004
249,ITA,Italy,38364.9426699518,82.1878048780488,99.9844818115234,100.658653259277,63.8577690124512,11.1002348529515,85.0708807527021,2011,264.5009040832516
250,ITA,Italy,34844.4980928484,82.2390243902439,99.00792694091801,99.18505859375,62.4692916870117,12.092015270060699,83.86882345460441,2012,260.66227722167974
251,JAM,Jamaica,4902.03473104734,72.8471219512195,114.88655673510853,91.04263305664058,28.934890747070302,13.705624180107,82.7753974991107,2010,234.86408053881942
252,JAM,Jamaica,5332.47436123876,73.07639024390251,114.88655673510853,88.6040802001953,28.2233009338379,13.8752650263304,82.604421029381,2011,231.71393786914172
253,JAM,Jamaica,5445.89471774139,73.28248780487809,114.88655673510853,89.82335662841794,30.8226699829102,14.6560722397136,82.19292459436309,2012,235.5325833464367
254,JOR,Jordan,4370.721044760129,73.4358780487805,98.78912353515629,89.9105987548828,40.432670593261705,2.9680620216081803,97.34739254930427,2010,229.13239288330078
255,JOR,Jordan,4665.95427605269,73.5918780487805,98.877830505371,89.058837890625,39.9389305114746,3.02144386842695,95.99185140348257,2011,227.8755989074706
256,JOR,Jordan,4896.68844660237,73.7473902439024,98.4392471313477,87.8294677734375,46.609649658203104,3.06691904519934,97.24132313337459,2012,232.8783645629883
257,JPN,Japan,42909.2341523544,82.8426829268293,102.199501037598,101.61612701416,58.0790786743164,4.49748475828325,80.8835944333934,2010,261.8947067260744
258,JPN,Japan,46203.7095189836,82.5912195121951,102.628868103027,101.76540374755899,59.9240608215332,4.62610547446526,89.7188422680585,2011,264.3183326721192
259,JPN,Japan,46679.26543223031,83.0960975609756,102.30143737792999,101.809410095215,61.459320068359396,4.48148729400944,94.5568487405975,2012,265.57016754150436
260,KAZ,Kazakhstan,9070.64997199985,68.29536585365851,104.573799133301,102.167152404785,56.2928810119629,1.38236337672173,98.78505276068027,2010,263.0338325500489
261,KAZ,Kazakhstan,11357.945490694,68.98,104.72673034667999,102.167152404785,56.2928810119629,1.38189977497309,98.9338316937763,2011,263.1867637634279
262,KAZ,Kazakhstan,12120.3053397012,69.61,104.903457641602,102.167152404785,56.2928810119629,1.3582612145148998,98.89124330363708,2012,263.3634910583499
263,KEN,Kenya,991.850545143199,58.7186097560976,114.35608673095699,66.9884414672852,16.797589158991546,76.309222028074,19.7164546660662,2010,198.14211735723373
264,KEN,Kenya,1012.8797726672999,59.5342195121951,114.35608673095699,66.9884414672852,16.797589158991546,77.1205051481577,19.459117181990198,2011,198.14211735723373
265,KEN,Kenya,1184.92325604363,60.2727804878049,114.35608673095699,66.9884414672852,16.797589158991546,78.53266267873519,17.7415358545906,2012,198.14211735723373
266,KGZ,Kyrgyz Republic,880.037775119109,69.3,99.5622100830078,83.9843292236328,42.1333503723145,25.594797557314703,70.51697531144441,2010,225.6798896789551
267,KGZ,Kyrgyz Republic,1123.8831680627,69.60243902439029,100.90540313720699,88.1920013427734,41.3454818725586,25.9507401694167,70.1008025476591,2011,230.44288635253898
268,KGZ,Kyrgyz Republic,1177.9747348784801,70.0024390243902,105.858940124512,86.0881652832031,41.73941612243655,22.4759417166349,73.8546491631262,2012,233.68652153015165
269,KHM,Cambodia,782.692789877004,66.3856585365854,129.88815307617202,97.35527928249293,14.0676002502441,73.3050970777508,25.6002057347773,2010,241.31103260890907
270,KHM,Cambodia,879.1512440923399,66.87287804878049,126.44561767578101,97.35527928249293,15.834110260009801,72.25212709165301,26.224237182084604,2011,239.63500721828373
271,KHM,Cambodia,946.476678710416,67.3288780487805,124.17540740966801,97.35527928249292,14.95085525512695,72.6311873998056,25.2392159237822,2012,236.4815419472879
272,KOR,Korea,22151.208892132403,80.55121951219509,103.24181365966801,97.1094284057617,100.956108093262,1.2877823190450102,82.880418510337,2010,301.30735015869175
273,KOR,Korea,24155.829849308197,80.96707317073171,103.838180541992,96.7296600341797,100.800003051758,1.32246037910361,82.7553553459467,2011,301.3678436279297
274,KOR,Korea,24453.9719124644,81.2134146341464,103.53999710083,96.9195442199707,100.87805557251,1.59882449920394,83.2318340574838,2012,301.3375968933107
275,LAC,Latin America & Caribbean (developing only),8183.52599605504,73.67941961717591,111.17324829101601,88.9783172607422,34.9250907897949,33.9635452571534,68.0560473309485,2010,235.0766563415531
276,LAC,Latin America & Caribbean (developing only),9361.44504210645,73.91266347832291,109.844871520996,88.6203384399414,36.217868804931605,33.03904637694939,68.588843598338,2011,234.683078765869
277,LAC,Latin America & Caribbean (developing only),9063.90988068226,74.1467685008982,108.405937194824,88.038818359375,37.2657890319824,32.0564533221848,69.7824216182577,2012,233.71054458618138
278,LAO,Lao PDR,1147.09538658271,64.3336341463415,123.18994140625,44.8393898010254,16.0879497528076,87.47752219023609,12.522477809763913,2010,184.11728096008298
279,LAO,Lao PDR,1300.97960150014,64.7981219512195,123.40730285644501,43.6019096374512,17.0884799957275,86.5279217784091,13.472078221590905,2011,184.0976924896237
280,LAO,Lao PDR,1445.8694501426596,65.248512195122,122.740867614746,46.5407295227051,16.7253704071045,87.00272198432259,12.99727801567741,2012,186.00696754455558
281,LBN,Lebanon,8763.795964165509,79.25278048780491,103.403182983398,74.3497314453125,47.796600341796896,5.27373334420694,94.97600391082199,2010,225.5495147705074
282,LBN,Lebanon,9132.4342022666,79.55892682926829,103.74421691894501,76.1282119750977,49.73384094238279,5.231662310845941,95.52014106438659,2011,229.6062698364255
283,LBN,Lebanon,9729.28219293391,79.84636585365851,106.578979492188,73.9830627441406,46.2645111083984,4.97238470129638,96.3714448412622,2012,226.826553344727
284,LBR,Liberia,326.604438111264,59.4412926829268,102.384712219238,45.1567916870117,9.29885005950928,90.63533641886379,9.364663581136213,2010,156.84035396575896
285,LBR,Liberia,378.8140624486769,59.86434146341461,102.384712219238,45.1567916870117,9.29885005950928,89.3924845411912,10.607515458808805,2011,156.84035396575896
286,LCA,St. Lucia,7043.5069921638415,74.4710975609756,114.88655673510853,95.2089385986328,12.492879867553699,2.35488589091232,97.64511410908769,2010,222.58837520129504
287,LCA,St. Lucia,7195.66982997232,74.6357073170732,114.88655673510853,94.63983154296879,16.3404006958008,2.30692409575813,97.69307590424187,2011,225.86678897387813
288,LCA,St. Lucia,7248.234504906809,74.7776341463415,114.88655673510851,91.1009292602539,10.178409576416,2.330904993335225,97.66909500666478,2012,216.1658955717784
289,LCN,Latin America & Caribbean (all income levels),8976.6771006888,74.0285417513372,110.851928710938,88.7666778564453,40.856941223144496,28.670611671653198,73.4440953853096,2010,240.4755477905278
290,LCN,Latin America & Caribbean (all income levels),10052.6550036336,74.2525172516323,109.598159790039,88.5923690795898,42.3170204162598,28.473043721101106,73.5281338926358,2011,240.5075492858886
291,LCN,Latin America & Caribbean (all income levels),9992.556349977109,74.47639214729921,108.794219970703,89.06011962890629,43.4096488952637,27.6883316796808,74.21383757163079,2012,241.263988494873
292,LDC,Least developed countries: UN classification,750.207915295665,61.3439895637901,102.670570373535,39.5397987365723,8.13706970214844,76.2968170909485,26.8758863078334,2010,150.34743881225575
293,LDC,Least developed countries: UN classification,835.1827560692101,61.8531512550731,104.46019744872999,40.480251312255895,8.67681980133057,75.8233687075287,26.420516181560398,2011,153.61726856231644
294,LDC,Least developed countries: UN classification,864.494304703474,62.329094132441995,104.993896484375,41.6660003662109,8.85019016265869,74.8458334575855,27.1624850054312,2012,155.5100870132446
295,LIC,Low income,503.96401637307997,59.031931454800905,103.574447631836,37.3103485107422,7.053490161895749,79.29763052521521,20.8205754633164,2010,147.93828630447393
296,LIC,Low income,550.618109919949,59.66711051516021,103.68224334716801,38.623931884765604,7.47664022445679,80.5040406043757,18.2835248659808,2011,149.7828154563904
297,LIC,Low income,581.226393705884,60.2599256826234,104.38208770752001,39.4691886901855,7.75432014465332,80.9501144347351,18.6605729028513,2012,151.60559654235882
298,LKA,Sri Lanka,2746.61213467159,73.7552682926829,99.0498504638672,97.21853637695308,16.042459487915,62.040586834477104,42.8579880339456,2010,212.3108463287353
299,LKA,Sri Lanka,3128.6948225646197,73.8992926829269,98.6388702392578,99.09557342529301,15.0174999237061,59.462528312660204,48.2055538124751,2011,212.75194358825692
300,LKA,Sri Lanka,3366.5103597872608,74.0680487804878,98.44019317626949,99.33850860595699,16.9674606323242,60.8586843808416,47.3752124579521,2012,214.74616241455067
301,LMC,Lower middle income,1671.92161541214,66.0680327772289,106.130966186523,61.3120918273926,18.2635707855225,41.0207621591805,66.9490729079769,2010,185.70662879943808
302,LMC,Lower middle income,1840.2571989222602,66.39336547410579,106.07673645019501,63.5644683837891,20.807409286499,40.6725206246261,66.6556604725852,2011,190.44861412048311
303,LMC,Lower middle income,1886.6839416065,66.6977138667997,106.950149536133,65.599739074707,21.9528999328613,40.3029028263811,67.0190656304497,2012,194.5027885437013
304,LMY,Low & middle income,3279.66467108432,68.5139069451937,109.152198791504,66.6396331787109,21.718290328979503,28.642473189306106,78.8760937508436,2010,197.5101222991944
305,LMY,Low & middle income,3792.008687210471,68.794965367987,108.96164703369101,68.4335403442383,23.455120086669893,27.841477633756,79.37875093927059,2011,200.85030746459918
306,LMY,Low & middle income,3959.55020749043,69.058931100162,109.40270233154301,69.7120895385742,24.8391990661621,27.1658994263893,79.5734366244883,2012,203.95399093627933
307,LSO,Lesotho,1087.98277034468,47.4834146341463,110.469383239746,50.404811859130895,10.825670242309599,4.129779772473181,95.87022022752681,2010,171.6998653411865
308,LSO,Lesotho,1241.20570623397,48.219756097560996,110.99121856689501,52.037239074707,10.825670242309599,4.2366830764063,95.7633169235937,2011,173.85412788391162
309,LSO,Lesotho,1158.80422205502,48.836000000000006,111.00060272216801,53.2936401367188,10.825670242309599,4.18323142443974,95.81676857556026,2012,175.1199131011964
310,LTU,Lithuania,11988.757967608999,73.2682926829268,101.523788452148,106.681747436523,80.75074768066409,21.6942741128512,74.2902408462139,2010,288.9562835693351
311,LTU,Lithuania,14367.2093249849,73.5634146341464,99.3339385986328,106.91847991943399,76.6044082641602,23.0945555739396,73.8759517274449,2011,282.856826782227
312,LTU,Lithuania,14342.5234770018,73.86341463414641,98.7806396484375,105.936561584473,73.9486389160156,24.2753746699542,72.8995685155005,2012,278.6658401489261
313,LUX,Luxembourg,103267.276511115,80.63170731707321,97.24195098876949,100.956489562988,18.205219268798803,3.66208568136132,87.9470457058013,2010,216.40365982055627
314,LUX,Luxembourg,113239.56097199,80.9878048780488,96.5611190795898,101.01773071289101,18.97412490844725,3.71949169019675,86.99972562078302,2011,216.55297470092808
315,LUX,Luxembourg,105447.09324074301,81.3926829268293,96.51007080078129,100.04749298095699,19.7430305480957,4.1425917610700695,87.2126299140554,2012,216.30059432983398
316,LVA,Latvia,11319.517002393999,73.4829268292683,106.031303405762,98.5140228271484,70.5519180297852,35.2677525128485,63.9168836673288,2010,275.0972442626956
317,LVA,Latvia,13781.2097866151,73.57560975609759,105.29592132568399,98.6637420654297,67.28472900390629,35.5350854111284,62.893899271543596,2011,271.24439239502
318,LVA,Latvia,13775.2615846281,73.7780487804878,102.999809265137,97.7099609375,65.133430480957,40.366469498026,58.04189358610621,2012,265.843200683594
319,MAC,"Macao SAR, China",53045.989513366105,79.69039024390241,114.95826345702771,93.7963180541992,61.791961669921896,0.44678692050221896,99.55321307949778,2010,270.5465431811488
320,MAC,"Macao SAR, China",67012.96342940269,79.906243902439,114.99430879279996,96.8064117431641,63.9851608276367,0.18257493544980705,99.81742506455019,2011,275.78588136360077
321,MAC,"Macao SAR, China",77078.8211832019,80.12317073170729,114.99430879279996,96.46289825439449,56.0513381958008,0.314680927976013,99.68531907202399,2012,267.50854524299524
322,MAR,Morocco,2857.6734140278004,72.57692682926829,111.671752929688,62.461029052734396,14.3189001083374,13.376368075423803,87.9298302478451,2010,188.4516820907598
323,MAR,Morocco,3066.5031577577397,72.9854390243902,114.539840698242,65.5579833984375,16.1585693359375,11.798974609800403,89.0440781914671,2011,196.25639343261702
324,MAR,Morocco,2931.4001995337208,73.36465853658541,116.053756713867,68.8769607543945,15.238734722137451,11.3375396476102,89.33378706812229,2012,200.16945219039894
325,MDA,Moldova,1631.5358317953198,68.4581219512195,93.54077911376949,87.9811325073242,38.145359039306605,4.16136400813449,93.15206876886421,2010,219.6672706604003
326,MDA,Moldova,1970.5713725333605,68.5752926829268,93.6029815673828,87.71936798095699,39.4480400085449,4.38451434918518,94.8798730536595,2011,220.77038955688468
327,MDA,Moldova,2046.5367866510894,68.6934146341464,93.7979736328125,88.1958694458008,40.1086387634277,4.66681646773929,94.4486479870661,2012,222.102481842041
328,MDG,Madagascar,414.142787218657,63.36173170731711,144.57731628418,37.311429977417,3.60552000999451,81.8547731181557,18.145226881844295,2010,185.4942662715915
329,MDG,Madagascar,456.329307134312,63.8074146341464,144.477462768555,36.595241546630895,4.00570011138916,78.8537331510289,21.146266848971095,2011,185.07840442657505
330,MDG,Madagascar,444.958493750152,64.2466585365854,145.18600463867202,38.027618408203104,4.08571004867554,80.35425313459231,19.645746865407688,2012,187.29933309555065
331,MEA,Middle East & North Africa (all income levels),7108.70420023458,72.2467705797102,107.237350463867,76.6345672607422,31.0990905761719,2.14741123814603,98.6571999277466,2010,214.9710083007811
332,MEA,Middle East & North Africa (all income levels),8346.39662743386,72.4726974339849,107.395439147949,79.9242401123047,32.0015907287598,2.07764664865132,98.7186250842937,2011,219.3212699890135
333,MEA,Middle East & North Africa (all income levels),8815.428881432601,72.6881415095799,109.047500610352,80.9283828735352,34.441558837890604,2.02959766581671,98.60348607087772,2012,224.4174423217778
334,MEX,Mexico,8851.35051405824,76.02678048780491,103.50412750244101,83.66229248046879,26.739389419555696,9.95074603463141,89.26571881849729,2010,213.9058094024655
335,MEX,Mexico,9715.11259636147,76.18565853658541,104.188842773438,84.05133056640629,27.686830520629893,9.63166989165226,89.19102603159858,2011,215.92700386047417
336,MEX,Mexico,9703.37101717816,76.35409756097559,105.022041320801,85.6814804077148,28.9944896697998,9.35089435158097,90.15050064071173,2012,219.6980113983156
337,MIC,Middle income,3589.39827823709,69.5732617400599,110.23226928710899,70.5054473876953,23.284490585327106,26.2717253218223,80.3447923412037,2010,204.02220726013138
338,MIC,Middle income,4159.10295711822,69.8302498639647,110.00315093994101,72.534797668457,25.222669601440398,25.4645310879152,80.8572132591874,2011,207.7606182098384
339,MIC,Middle income,4348.135617473939,70.0723365943937,110.410713195801,74.02232360839841,26.806079864502,25.346795835542803,81.01688312171909,2012,211.2391166687014
340,MKD,Macedonia,4561.17754644919,74.72263414634149,90.09117889404301,81.9113235473633,37.074790954589794,22.5935997402025,81.14242049210121,2010,209.0772933959961
341,MKD,Macedonia,5079.9620789636,74.87451219512201,89.67261123657231,82.37106704711914,37.76615524291989,17.822637051876,82.0248202527083,2011,209.80983352661136
342,MKD,Macedonia,4709.5116277773795,75.03126829268291,89.2540435791016,82.830810546875,38.45751953125,16.4684817692157,82.4375307856671,2012,210.54237365722662
343,MLI,Mali,610.790602095153,56.1798048780488,90.3107070922852,42.4334106445313,6.5141901969909695,83.9245530261314,16.075446973868594,2010,139.25830793380746
344,MLI,Mali,680.827907487865,56.6546829268293,91.6634674072266,44.4552192687988,6.8600602149963406,83.8728138077592,16.1271861922408,2011,142.97874689102173
345,MLI,Mali,641.793820084187,57.095,88.47921752929692,43.44431495666505,7.47441005706787,83.8986834169453,16.101316583054697,2012,139.39794254302984
346,MLT,Malta,19694.083156714198,81.39756097560979,95.2353668212891,99.0485076904297,36.4811210632324,0.723732527118897,99.65462161512691,2010,230.7649955749512
347,MLT,Malta,22347.708423805,80.7463414634146,94.76107788085942,87.140037536621,39.5995597839355,0.995532050976647,99.54056835348558,2011,221.5006752014159
348,MLT,Malta,21176.3099827802,80.7463414634146,95.7930221557617,86.28856658935551,41.21104049682621,2.60527016389965,98.55895150939659,2012,223.29262924194342
349,MMR,Myanmar,1421.49735080062,64.917487804878,114.16488647460899,50.2060203552246,13.59586477279665,84.950431756084,21.5752620591153,2010,177.96677160263025
350,MMR,Myanmar,1421.49735080062,65.18090243902441,114.16488647460899,50.2060203552246,13.8136796951294,84.5191515885729,20.98269130199,2011,178.18458652496298
351,MMR,Myanmar,1421.49735080062,65.4277804878049,114.16488647460899,50.2060203552246,13.378049850463901,78.7238455502797,25.379699624809298,2012,177.74895668029748
352,MNA,Middle East & North Africa (developing only),4100.76971926657,71.6895978762165,108.05362701416,74.0372314453125,30.9040603637695,2.68482100854267,97.94929609182621,2010,212.994918823242
353,MNA,Middle East & North Africa (developing only),4654.40597799279,71.9203453330657,108.21354675292999,77.3081130981445,31.4396705627441,2.5929500630226,97.9651658271975,2011,216.96133041381862
354,MNA,Middle East & North Africa (developing only),4912.35177871647,72.1406567430238,109.913047790527,78.0797805786133,33.5312118530273,2.57958666433229,97.92811144643859,2012,221.52404022216757
355,MNE,Montenegro,6682.28115774574,74.4167317073171,111.155242919922,98.5713882446289,55.531951904296896,54.524847938436004,60.575088892914295,2010,265.25858306884777
356,MNE,Montenegro,7318.744690267241,74.53936585365851,100.503837585449,91.0411834716797,55.531951904296896,43.1886771152975,63.0441155047381,2011,247.0769729614256
357,MNE,Montenegro,6586.7212793222,74.6498780487805,100.947319030762,90.9029312133789,55.531951904296896,46.195479527495394,61.182122911338396,2012,247.3822021484378
358,MNG,Mongolia,2650.34688488399,67.6038292682927,125.67478179931601,91.5752182006835,53.8116683959961,3.8265449094255697,95.14211439282472,2010,271.0616683959956
359,MNG,Mongolia,3772.9315473840998,68.12253658536589,122.063278198242,91.5752182006835,55.6769905090332,3.5439791155586,95.36000871892419,2011,269.3154869079587
360,MNG,Mongolia,4377.23887010435,68.613512195122,116.957641601563,91.5752182006835,58.76610946655271,3.21669606007016,95.5075857070657,2012,267.2989692687992
361,MOZ,Mozambique,417.501231533203,53.2269024390244,111.73249816894501,25.314519882202106,4.55887985229492,89.91208949411329,8.01044234595358,2010,141.60589790344204
362,MOZ,Mozambique,524.89145294127,53.7382926829268,106.767608642578,26.2816505432129,4.85040998458862,88.9293416422434,9.10803815272205,2011,137.89966917037952
363,MOZ,Mozambique,564.812463094317,54.2121219512195,105.08306884765601,25.9119606018066,5.15298986434937,88.4371895827227,8.362592401153341,2012,136.14801931381197
364,MRT,Mauritania,1207.82745747508,62.006170731707286,97.10858154296879,20.3266506195068,4.37942981719971,33.9988100676295,66.0011899323705,2010,121.8146619796753
365,MRT,Mauritania,1390.9286216979801,62.2924878048781,95.86990356445308,22.418519973754893,4.74852991104125,33.2825908153162,66.7174091846838,2011,123.03695344924922
366,MRT,Mauritania,1282.78510128586,62.560170731707295,96.6776580810547,26.70285987854,5.144480228424071,33.640700441472845,66.35929955852716,2012,128.52499818801877
367,MUS,Mauritius,7772.10005652754,72.9673170731707,107.248733520508,93.18853759765629,34.173000335693395,3.82392131999718,81.6563002709459,2010,234.61027145385768
368,MUS,Mauritius,8984.62976859867,73.26682926829271,107.634811401367,94.378807067871,36.045501708984396,3.3648589115029703,82.4397083567022,2011,238.0591201782224
369,MUS,Mauritius,9113.64064294,73.86341463414641,108.169288635254,95.851463317871,39.864818572998,3.594390115750075,83.1532446536406,2012,243.885570526123
370,MWI,Malawi,365.516569542613,56.836243902439,137.688903808594,32.6524085998535,0.717199981212615,78.6465215776911,21.353478422308896,2010,171.0585123896601
371,MWI,Malawi,369.60434718961403,58.50012195121951,140.15461730957,33.8233795166016,0.814149975776672,79.24445547558841,20.75554452441159,2011,174.79214680194826
372,MWI,Malawi,270.087531288291,60.050292682926795,141.291564941406,34.243679046630895,0.7656749784946435,78.94548852663976,21.054511473360236,2012,176.30091896653153
373,MYS,Malaysia,9069.04175699503,74.15778048780491,97.86154155307042,66.8807373046875,37.134529113769496,6.04384189324147,94.91398989431627,2010,201.87680797152743
374,MYS,Malaysia,10427.7560500121,74.286756097561,97.86154155307041,67.2426605224609,35.974910736084,6.54437330194014,94.8455881981139,2011,201.0791128116153
375,MYS,Malaysia,10834.6590783671,74.4233170731707,97.86154155307041,70.79637145996091,37.2002296447754,6.7957857581449295,94.7758045562017,2012,205.8581426578067
376,NAC,North America,48291.4597271455,78.7745030725575,99.3901596069335,94.00438690185551,89.9931793212891,8.98541188115789,83.15054156969259,2010,283.3877258300781
377,NAC,North America,50016.827059283496,78.88272329593309,98.73961639404301,94.4143295288085,91.8391265869141,9.6720995570831,82.63527845663779,2011,284.9930725097656
378,NAC,North America,51590.1465776446,78.99067408649209,98.2070999145508,95.1980667114258,90.9113235473633,9.44438396353191,82.62610271280259,2012,284.3164901733399
379,NAM,Namibia,5143.13067579247,62.480292682926795,107.48468017578101,97.35527928249292,64.15800848605132,32.7789967329081,65.9688013408565,2010,268.99796794432524
380,NAM,Namibia,5539.615159669251,63.277170731707294,108.473594665527,97.35527928249294,64.1580084860513,33.42250068952489,65.3823094214045,2011,269.9868824340713
381,NAM,Namibia,5679.95821520897,63.88114634146339,109.462509155273,97.40424287566762,64.1580084860513,32.9402578329674,65.68890048284571,2012,271.02476051699193
382,NER,Niger,351.00621834678594,58.25899999999999,64.7818984985352,13.831239700317399,1.49682998657227,80.13898612070909,19.86101387929091,2010,80.10996818542486
383,NER,Niger,378.200546574048,59.2045609756098,68.87326049804689,14.682769775390598,1.55034995079041,81.2749467804239,18.725053219576097,2011,85.10638022422789
384,NER,Niger,393.64342304494005,60.072536585365896,71.1337127685547,15.9247598648071,1.75416994094849,80.7069664505665,19.293033549433503,2012,88.81264257431029
385,NGA,Nigeria,2314.96353665347,51.32951219512201,84.8048782348633,43.82913970947271,16.797589158991542,86.7920620089302,18.014919949632002,2010,145.43160710332754
386,NGA,Nigeria,2514.14862151929,51.7378048780488,84.8048782348633,43.82913970947271,16.797589158991542,86.16954661791071,18.9856648495815,2011,145.43160710332754
387,NGA,Nigeria,2739.8521890390602,52.105,84.8048782348633,43.82913970947271,16.797589158991546,86.4723026264126,18.7740850877279,2012,145.43160710332754
388,NIC,Nicaragua,1523.48146924241,73.58173170731709,116.735733032227,68.908561706543,16.797589158991546,51.8890898392595,46.9123572317058,2010,202.44188389776153
389,NIC,Nicaragua,1679.7482002535598,73.90129268292691,116.735733032227,68.908561706543,16.797589158991546,51.4944496968777,48.61373228786761,2011,202.44188389776153
390,NIC,Nicaragua,1779.8670876131796,74.2124634146341,116.735733032227,68.908561706543,16.797589158991542,53.12039718948049,43.678723660656395,2012,202.44188389776153
391,NLD,Netherlands,50341.251919715985,80.7024390243902,108.55029296875,121.97543334960899,64.3260498046875,3.56090749014018,93.8350968071438,2010,294.8517761230465
392,NLD,Netherlands,53537.2751512189,81.2048780487805,107.63812255859399,128.41818237304702,76.4160690307617,4.36388832310723,92.3206659361961,2011,312.47237396240274
393,NLD,Netherlands,49474.705606422,81.10487804878049,105.79074859619101,129.91276550293,77.3435592651367,4.65483804555953,91.5042735758447,2012,313.0470733642577
394,NOC,High income: nonOECD,15444.4401099302,72.7420528399043,104.65242004394501,89.83106231689449,66.2514801025391,4.45568861092065,92.3498287922537,2010,260.7349624633786
395,NOC,High income: nonOECD,17994.1581390331,73.2026161002022,104.466163635254,92.3832321166992,67.610221862793,4.410439727512559,92.58806520504328,2011,264.4596176147462
396,NOC,High income: nonOECD,19098.551044623502,73.6349038797302,106.14689636230499,97.73211669921879,68.2860565185547,4.3517498591492405,92.30778420496227,2012,272.16506958007847
397,NOR,Norway,87646.2700974708,80.9975609756098,98.87750244140629,113.081642150879,72.7910614013672,56.3348633239853,61.2208205788509,2010,284.7502059936525
398,NOR,Norway,100575.117263444,81.2951219512195,99.27304077148442,112.98291015625,73.0857925415039,56.6191862277655,57.2921242123071,2011,285.34174346923834
399,NOR,Norway,101563.70267759699,81.4512195121951,99.4369888305664,111.06130218505899,74.1011199951172,58.0179485735573,57.0505511225486,2012,284.5994110107426
400,NPL,Nepal,595.427519830012,67.9714878048781,141.053726196289,60.4387283325195,14.3648900985718,87.29244813035999,12.5967265081853,2010,215.85734462738031
401,NPL,Nepal,695.8831982943469,68.40663414634149,142.923324584961,62.7280883789063,14.4902896881104,86.94551550167989,12.9866552744239,2011,220.1417026519777
402,NPL,Nepal,685.496758554012,68.8233170731707,139.31115722656298,65.81979370117189,14.4275898933411,84.72026885116779,15.1708246198457,2012,219.55854082107598
403,NZL,New Zealand,33394.0729963486,80.7024390243902,101.22135925292999,119.082710266113,82.5553665161133,31.341974150388108,60.9415615552369,2010,302.85943603515625
404,NZL,New Zealand,37896.8539665922,80.9048780487805,100.098266601563,119.793006896973,80.7813491821289,32.199223363926,59.536623412269,2011,300.6726226806649
405,NZL,New Zealand,35645.463481470404,81.1560975609756,98.6552505493164,119.544387817383,79.776268005371,30.7800698457796,61.7518923786682,2012,297.97590637207037
406,OEC,High income: OECD,40459.8313649869,80.1363170174824,101.962020874023,100.971328735352,75.5494918823242,9.9405707089375,80.1984211440673,2010,278.4828414916992
407,OEC,High income: OECD,43197.5250208225,80.4176680935214,101.574447631836,100.91188812255899,77.34803771972659,10.4751835719721,80.45568169566421,2011,279.83437347412155
408,OEC,High income: OECD,42914.903596672004,80.53713874957509,101.262451171875,101.166778564453,77.613426208496,10.7480503604317,80.60083401017671,2012,280.042655944824
409,OED,OECD members,35672.2573521085,79.39857718000441,102.24655914306601,97.26390838623051,67.90122222900389,10.0343634902772,80.6657024806655,2010,267.41168975830044
410,OED,OECD members,38060.5212912501,79.6655419587153,102.037826538086,97.6001968383789,69.7444915771484,10.500770082963001,80.95811627400991,2011,269.3825149536133
411,OED,OECD members,37780.555479715695,79.79538757691991,101.778648376465,97.7473526000977,70.6942901611328,10.7525176639595,81.1386421274737,2012,270.2202911376955
412,OMN,Oman,19920.6495686354,76.0528048780488,107.99814224243151,95.94175720214847,24.746160507202106,0.0,100.0,2010,228.68605995178206
413,OMN,Oman,21164.3357574377,76.3276341463415,106.98912811279301,97.760498046875,28.1372604370117,0.0,100.0,2011,232.88688659667972
414,OMN,Oman,21533.807603293,76.5895609756098,109.00715637207001,94.12301635742192,26.441710472106905,0.0,100.0,2012,229.57188320159884
415,OSS,Other small states,4229.45116572159,60.8012548080483,109.43887329101601,60.061458587646506,10.952630043029801,40.7231591206046,61.356094443759496,2010,180.45296192169232
416,OSS,Other small states,5023.35186515379,61.2597491412164,110.115188598633,60.708560943603494,11.583009719848599,40.2574254605143,61.3200101506446,2011,182.4067592620851
417,OSS,Other small states,4887.07326976875,61.6607777131452,110.57508087158199,61.4230613708496,12.346549987792999,40.49029229055945,60.9237215097285,2012,184.34469223022458
418,PAK,Pakistan,1043.3002050381199,65.1625609756098,94.8090667724609,34.0707817077637,8.91978502273559,45.8127399818244,61.4365952279519,2010,137.7996335029602
419,PAK,Pakistan,1230.81542756809,65.447,92.2880706787109,34.936759948730504,8.31155014038085,45.129526148454,60.8437913739964,2011,135.53638076782227
420,PAK,Pakistan,1266.38075811451,65.7168780487805,92.90270233154301,36.6008796691895,9.52801990509033,45.4876602788976,60.71857822587621,2012,139.03160190582284
421,PAN,Panama,7958.583689683159,76.8636341463415,102.167198181152,70.30487060546879,43.9157905578613,24.093856445134506,77.2036207048071,2010,216.3878593444821
422,PAN,Panama,9036.03741357569,77.0516829268293,101.44637298584,69.740478515625,41.7819213867188,22.2092691872969,79.7098845880993,2011,212.96877288818382
423,PAN,Panama,10138.5211288862,77.2370487804878,100.319351196289,84.047996520996,43.4564208984375,22.864839069500604,78.3076270941513,2012,227.82376861572249
424,PER,Peru,5056.30313106415,73.6398048780488,107.250831604004,91.72915649414058,40.64797973632809,30.731297791795807,74.70424777479529,2010,239.62796783447268
425,PER,Peru,5731.34656323015,73.84497560975609,104.90493774414101,91.7702178955078,40.64797973632809,29.5472591623523,75.9199301518594,2011,237.3231353759769
426,PER,Peru,6388.845097855649,74.05765853658541,99.5940933227539,89.7849807739258,40.64797973632809,28.249880452110897,77.7104858098165,2012,230.02705383300778
427,PHL,Philippines,2145.2400070733897,67.7833170731707,97.86154155307042,53.039664926881244,29.449350357055696,28.8118585238414,60.2102463780373,2010,180.35055683700736
428,PHL,Philippines,2371.8535366282103,67.89065853658539,97.83853007695,53.039664926881244,30.9458904266357,29.4105609182024,59.6622939821062,2011,181.82408543046694
429,PHL,Philippines,2604.6559968370198,68.0070731707317,97.79235678770283,52.92378313728889,31.4762992858887,29.4027836263597,60.7341423858094,2012,182.19243921088042
430,POL,Poland,12597.4587924553,76.2463414634146,98.2926483154297,97.22219848632808,73.5207214355469,9.49526089526951,92.283845931251,2010,269.0355682373047
431,POL,Poland,13891.14168806,76.7463414634146,99.1617431640625,97.3553466796875,73.5096969604492,10.5797832627311,91.9763050506369,2011,270.0267868041992
432,POL,Poland,13142.045994608601,76.7975609756098,101.226417541504,97.658836364746,73.1939392089844,11.0841365261952,90.8193211998091,2012,272.0791931152344
433,PRI,Puerto Rico,26435.725980222596,78.182243902439,94.7421035766602,82.969367980957,86.3467483520508,0.6882608508624771,99.31173914913752,2010,264.05821990966797
434,PRI,Puerto Rico,27219.3933390493,78.3588536585366,87.4773101806641,78.318992614746,86.4603271484375,1.00011681508173,98.99988318491827,2011,252.2566299438476
435,PRI,Puerto Rico,27752.0427446427,78.5355365853659,89.1053009033203,79.36180114746091,86.56920623779301,0.8441888329721035,99.15581116702789,2012,255.03630828857422
436,PRT,Portugal,22539.9960076117,79.0268292682927,112.09860992431601,109.712959289551,65.9479293823242,27.8219899973527,75.1269714884534,2010,287.75949859619124
437,PRT,Portugal,23194.740956770096,80.4707317073171,109.400779724121,111.260078430176,69.29348754882811,27.1624980381712,75.70243235078308,2011,289.9543457031251
438,PRT,Portugal,20577.4026375899,80.37317073170729,106.284217834473,112.851661682129,68.8615798950195,25.5642514762682,75.1735130890123,2012,287.99745941162155
439,PRY,Paraguay,3225.59175373637,72.3012926829268,97.4769287109375,67.7656784057617,34.513671875,64.2493654439007,32.5612751980796,2010,199.75627899169922
440,PRY,Paraguay,3983.49850352049,72.4871951219512,94.8264999389648,69.6010208129883,34.513671875,63.1114379927601,33.6368381384045,2011,198.9411926269531
441,PRY,Paraguay,3858.0364922746803,72.654,96.49777221679692,75.3162078857422,34.513671875,62.6775121178113,33.8178344797968,2012,206.32765197753912
442,PSS,Pacific island small states,2890.89443455672,69.140025085848,118.968406677246,75.5199813842773,16.73003292519308,22.4179577656568,77.58204223434319,2010,211.21842098671638
443,PSS,Pacific island small states,3386.8468791000405,69.3396258431279,118.748092651367,75.584602355957,16.73003292519308,22.643677517032,77.356322482968,2011,211.06272793251708
444,PSS,Pacific island small states,3537.2813291837,69.5354814264723,117.78338623046899,74.1279830932617,16.73003292519308,22.5308176413444,77.4691823586556,2012,208.64140224892378
445,QAT,Qatar,70870.2265835221,77.825512195122,114.88762841733725,104.289672851563,9.995809555053713,0.0,100.0,2010,229.17311082395395
446,QAT,Qatar,89115.9014908449,78.0278048780488,114.9228245574534,111.61669921875,11.693110466003402,0.0,100.0,2011,238.23263424220679
447,ROM,Romania,8297.48362072379,73.4585365853659,96.7256927490234,94.9094924926758,56.77650070190421,24.095709172025398,75.0724459122761,2010,248.4116859436034
448,ROM,Romania,9200.27782470489,74.5634146341464,96.10533905029301,95.9855804443359,51.5972900390625,21.112732139261894,77.64184880650521,2011,243.6882095336914
449,ROM,Romania,8577.289214438191,74.4634146341463,94.18798828125,95.0112991333008,54.186895370483356,21.678833410237196,76.4444719739602,2012,243.38618278503412
450,RUS,Russia,10674.997202418399,68.8560975609756,100.44669723510751,93.59740066528325,76.3367729187012,3.34270674397318,90.7336471077676,2010,270.3808708190919
451,RUS,Russia,13323.883375436399,69.6585365853659,100.337242126465,91.89520263671879,76.5299987792969,3.22775687220058,91.11309748513081,2011,268.7624435424807
452,RUS,Russia,14078.8305693118,70.36585365853661,100.55615234375,95.2995986938477,76.1435470581055,3.24500315811185,91.0670439639102,2012,271.99929809570324
453,RWA,Rwanda,553.5974576106839,61.4017804878049,122.198036193848,30.1434497833252,5.77161979675292,90.65595624600228,9.344043753997724,2010,158.11310577392612
454,RWA,Rwanda,606.902886399677,62.1553658536585,128.229415893555,31.538770675659197,7.0984902381897,86.7516151627137,13.248384837286295,2011,166.8666768074039
455,RWA,Rwanda,667.414582334439,62.79936585365851,133.720306396484,31.8321094512939,6.9023299217224094,88.70378570435798,11.296214295642017,2012,172.4547457695003
456,SAS,South Asia,1285.1022839499,66.6880628804838,110.38121795654301,59.712329864502,15.9658298492432,42.4329857816697,70.51882027486779,2010,186.0593776702882
457,SAS,South Asia,1382.5299244180899,67.0659868021934,110.37924194335899,62.494499206543,19.8891696929932,41.5255618912979,70.595364625462,2011,192.7629108428952
458,SAS,South Asia,1374.35762150669,67.4293570757278,111.64169311523399,65.2673492431641,21.199630737304695,40.8589899730607,71.4664971714148,2012,198.10867309570278
459,SAU,Saudi Arabia,18753.981233207902,73.7016097560976,100.91446685791,52.92378313728889,37.3387908935547,0.00826393674766115,99.9967739867234,2010,191.1770408887536
460,SAU,Saudi Arabia,23256.0956126437,73.8548536585366,100.67835235595699,52.9237831372889,43.1818695068359,0.0091158129498066,99.996227047041,2011,196.7840050000818
461,SAU,Saudi Arabia,24883.1897146534,74.0160243902439,102.77889251709,52.92378313728891,50.93608093261721,0.00857538311969361,99.9966043436557,2012,206.63875658699612
462,SDN,Sudan,1421.53294242954,62.042585365853704,70.7908096313477,41.70814132690421,15.177379608154302,61.4393202951286,30.9993033675996,2010,127.67633056640621
463,SDN,Sudan,1596.44520955706,62.4555365853659,68.6208724975585,36.9808807373047,14.8361902236938,63.9927354458512,29.6029761326076,2011,120.437943458557
464,SDN,Sudan,1662.2876408499899,62.8321951219512,70.0244674682617,40.742500305175795,15.1397695541382,63.967858706610095,28.2492485738164,2012,125.9067373275757
465,SEN,Senegal,998.119695502128,64.0144390243903,84.4131622314453,36.411689758300795,7.629990100860598,51.170171563619604,44.9126966470035,2010,128.4548420906067
466,SEN,Senegal,1081.13151800024,64.6953658536585,83.5257034301758,41.004451751709,7.629990100860598,49.568701003502206,46.3319669222844,2011,132.1601452827454
467,SEN,Senegal,1019.27223025869,65.3188780487805,83.7881622314453,38.7080707550049,7.629990100860598,51.364727738825295,44.60668508762471,2012,130.1262230873108
468,SLB,Solomon Islands,1276.34851310464,67.0656585365854,97.83839141842373,48.6324882507324,16.73003292519308,67.4127788181803,32.5872211818197,2010,163.2009125943492
469,SLB,Solomon Islands,1648.85412726975,67.2912195121951,97.83839141842375,47.880100250244105,16.73003292519308,67.1849977781873,32.815002221812705,2011,162.44852459386095
470,SLE,Sierra Leone,490.878904739307,49.034731707317114,128.091613769531,45.6684913635254,16.73003292519308,80.34598060676741,19.654019393232588,2011,190.49013805824947
471,SLE,Sierra Leone,618.947252930048,49.7490975609756,131.494491577148,50.544219970703104,16.73003292519308,80.34598060676741,19.654019393232588,2012,198.7687444730442
472,SLV,El Salvador,3547.0709831532204,71.67060975609759,113.216728210449,64.6840362548828,23.4069309234619,34.1273882098558,46.02947677584479,2010,201.30769538879372
473,SLV,El Salvador,3821.33858985521,71.9561707317073,113.525833129883,67.202537536621,24.5185699462891,34.0188568424549,47.381766794729,2011,205.24694061279308
474,SLV,El Salvador,3921.7203951165893,72.2318536585366,112.604820251465,69.2394332885742,25.4544696807861,34.0116111235761,47.319482514636896,2012,207.2987232208253
475,SRB,Serbia,5411.87740391911,74.33658536585371,95.89575958251949,91.4276275634766,49.0827217102051,20.7096664829556,86.8853714692511,2010,236.4061088562012
476,SRB,Serbia,6423.291783345831,74.5365853658537,94.87954711914058,91.45690155029301,50.3651809692383,17.672151056734602,89.08806084495899,2011,236.7016296386719
477,SRB,Serbia,5659.38020403691,74.83658536585371,92.96206665039058,91.7119293212891,52.37702941894529,19.6094256895382,87.1381945616127,2012,237.05102539062497
478,SSA,Sub-Saharan Africa (developing only),1515.52692017454,56.335066281927006,98.3733367919922,40.6315307617188,7.96548986434937,70.7801455816965,39.9672498582592,2010,146.97035741806036
479,SSA,Sub-Saharan Africa (developing only),1663.17622261333,56.96575569922621,98.9552688598633,41.5293197631836,8.21310997009277,70.9086533833877,39.3066567502836,2011,148.69769859313968
480,SSA,Sub-Saharan Africa (developing only),1695.74638903975,57.5451638175519,99.660888671875,42.320320129394496,8.33018970489501,69.92783167091311,38.6734004874476,2012,150.31139850616452
481,SSF,Sub-Saharan Africa (all income levels),1529.91608367611,56.336495038154,98.36602783203129,40.6252098083496,7.961060047149661,70.71607793461409,39.9672498582592,2010,146.95229768753055
482,SSF,Sub-Saharan Africa (all income levels),1682.129833363,56.96685623075,98.9478073120117,41.522331237793004,8.208629608154299,70.85005909852809,39.3066567502835,2011,148.678768157959
483,SSF,Sub-Saharan Africa (all income levels),1715.04398896762,57.54621094273271,99.6552581787109,42.312931060791,8.32557964324951,69.92783167091311,38.6734004874476,2012,150.2937688827514
484,SST,Small states,5204.47541160546,63.95432087255429,107.32248687744101,67.56600952148439,13.280619621276903,28.1512899132033,88.13333916965902,2010,188.1691160202023
485,SST,Small states,5936.10395165219,64.3015110970452,107.97570037841801,68.0588226318359,13.6628999710083,28.440892342639106,87.9458157825926,2011,189.6974229812622
486,SST,Small states,5894.905133860621,64.607681710804,108.35376739502001,67.759147644043,14.4854297637939,28.2960911279212,87.5295745435907,2012,190.5983448028569
487,STP,São Tomé and Principe,1142.18231129529,65.8546829268293,128.647384643555,52.08398056030271,4.20417022705078,43.7595496677953,56.2404503322047,2010,184.9355354309085
488,STP,São Tomé and Principe,1374.13192098877,66.0037804878049,127.84245300292999,60.899871826171896,5.938270092010495,43.21514030889711,56.78485969110289,2011,194.68059492111237
489,STP,São Tomé and Principe,1488.04800312555,66.1339024390244,118.25890350341801,71.484489440918,7.67236995697021,43.48734498834621,56.51265501165379,2012,197.4157629013062
490,SUR,Suriname,8448.504260834641,70.5993902439024,114.403030395508,85.3625106811523,64.05795983433306,19.4073518368715,80.5926481631285,2011,263.82350091099335
491,SVK,Slovak Republic,16554.889115691,75.1121951219512,102.87976837158199,92.7756881713867,55.990028381347706,10.2796455625289,70.23777338678211,2010,251.6454849243164
492,SVK,Slovak Republic,18138.7275365668,75.9585365853659,101.730079650879,93.5380630493164,55.071418762207,10.3575514619004,68.5113631680676,2011,250.33956146240243
493,SVK,Slovak Republic,17207.279206484698,76.109756097561,101.64811706542999,93.88311767578129,55.1090507507324,10.4808356583089,66.8135852523402,2012,250.64028549194367
494,SVN,Slovenia,23438.866561012597,79.42195121951221,98.2181930541992,97.76010131835942,88.4679718017578,18.051059381045498,67.5432540201315,2010,284.4462661743164
495,SVN,Slovenia,24983.693725446294,79.9707317073171,98.44615936279301,97.9489364624023,85.089111328125,17.7199138016331,65.3044865302468,2011,281.4842071533203
496,SVN,Slovenia,22477.5975627822,80.12439024390241,98.92974853515629,97.56566619873051,86.0246963500977,19.321734711102,65.21560029044011,2012,282.5201110839845
497,SWE,Sweden,52076.4305245885,81.4512195121951,101.448539733887,98.12084197998051,74.63096618652341,45.9778062872266,34.4232514038991,2010,274.20034790039097
498,SWE,Sweden,59593.684798238886,81.8024390243903,100.50155639648399,96.91104125976558,73.9450912475585,46.544139556720296,34.2141870452598,2011,271.3576889038081
499,SWE,Sweden,57134.0770682404,81.7048780487805,101.537147521973,98.3752670288085,70.0256729125977,49.9131719386059,30.9991557787887,2012,269.9380874633792
500,SWZ,Swaziland,2956.69679468117,48.34575609756099,115.772827148438,57.9735794067383,5.96363019943237,39.40409307858479,60.59590692141521,2010,179.71003675460867
501,SWZ,Swaziland,4093.384242641021,48.661390243902396,115.013816833496,59.921169281005895,5.96363019943237,39.468596234764206,60.531403765235794,2011,180.89861631393427
502,SWZ,Swaziland,3988.667162431421,48.8506341463415,114.36337280273399,60.6870994567871,5.96363019943237,39.4363446566745,60.5636553433255,2012,181.01410245895346
503,SYC,Seychelles,10805.0606310062,73.1975609756098,106.223960876465,74.8143005371094,1.91073006391525,0.404373559494664,99.59562644050534,2010,182.94899147748964
504,SYC,Seychelles,12189.0069471478,72.7243902439024,106.936416625977,76.00604248046879,2.4884800910949703,0.50794234205294,99.49205765794706,2011,185.43093919754077
505,SYC,Seychelles,12844.858534807,74.2268292682927,107.672317504883,79.5094528198242,1.33298003673553,0.456157950773802,99.5438420492262,2012,188.51475036144274
506,TCD,Chad,895.8779958515421,49.862073170731705,83.398811340332,22.909330368042003,2.12217998504639,90.79990861342631,9.200091386573689,2010,108.4303216934204
507,TCD,Chad,988.4431597942199,50.33195121951221,90.6429214477539,23.456539154052702,2.25039005279541,90.6072397721715,9.392760227828504,2011,116.34985065460202
508,TCD,Chad,972.679345110246,50.7813902439024,95.3869094848633,22.7940998077393,2.1862850189209,90.7035741927989,9.296425807201103,2012,120.3672943115235
509,TGO,Togo,496.4824942028061,57.2815609756098,131.42106628418,54.940521240234396,9.11701965332031,65.8427051722329,22.035708977705998,2010,195.47860717773472
510,TGO,Togo,572.025703222528,57.9307804878049,129.549575805664,54.940521240234396,10.1469097137451,69.1270127809019,19.9090893713015,2011,194.6370067596435
511,TGO,Togo,580.4950617702481,58.5538536585366,132.804794311523,54.940521240234396,10.3127603530884,72.71048690145291,17.218102605253,2012,198.05807590484582
512,THA,Thailand,5111.909202229172,73.6943658536586,94.9236373901367,83.4787902832031,50.0255317687988,22.797541115225002,79.92580451467641,2010,228.4279594421386
513,THA,Thailand,5539.49436810396,73.89239024390241,94.86676025390629,87.3735198974609,52.581119537353494,22.2723558521667,80.4358881332693,2011,234.82139968872067
514,THA,Thailand,5917.9179338712,74.07190243902441,95.38800048828129,86.98294067382808,51.4047508239746,23.0230560779748,80.3032162051895,2012,233.77569198608398
515,TJK,Tajikistan,744.189892165383,68.5633902439025,100.44235992431601,84.4015579223633,22.6980094909668,62.09949475349421,34.6058097388425,2010,207.5419273376461
516,TJK,Tajikistan,841.219870374428,68.8917804878049,100.010917663574,85.5524597167969,22.0147590637207,60.2528093948316,36.25452584123021,2011,207.57813644409163
517,TJK,Tajikistan,962.439124853526,69.1669756097561,99.6297607421875,87.0034408569335,22.470260620117198,57.973075863496504,38.384097755706,2012,209.10346221923817
518,TON,Tonga,3557.7371836650395,72.18260975609759,108.02770233154301,103.946258544922,64.05795983433305,1.00787032843021,98.99212967156978,2010,276.0319207107981
519,TON,Tonga,4226.69274653294,72.33473170731709,108.36620330810499,104.342338562012,64.05795983433305,1.12681954248191,98.87318045751809,2011,276.76650170445004
520,TON,Tonga,4364.30924422214,72.488,110.079902648926,90.9448776245117,64.05795983433306,1.06734493545606,98.93265506454394,2012,265.08274010777075
521,TTO,Trinidad and Tobago,15840.4072608684,69.7975609756098,106.097686767578,97.35541605230627,64.05795983433305,0.336168472595429,99.9296355737969,2010,267.5110626542173
522,TTO,Trinidad and Tobago,18287.402474111102,69.9803170731707,106.097686767578,97.35541605230627,64.05795983433305,0.36043394693671504,99.9291856214674,2011,267.5110626542173
523,TTO,Trinidad and Tobago,18322.323800986,70.1513902439024,106.097686767578,97.35541605230627,64.15537562679556,0.32416613528890603,99.92797158057829,2012,267.60847844667984
524,TUN,Tunisia,4176.61146147134,74.60243902439029,108.813827514648,89.00623321533199,35.2110996246338,14.265056829212401,86.57640552620441,2010,233.0311603546138
525,TUN,Tunisia,4298.0916974907,74.3439024390244,108.341941833496,91.08627319335942,35.2228889465332,13.350624109229601,87.90381629893602,2011,234.65110397338862
526,TUN,Tunisia,4187.543530517621,73.9951219512195,109.705093383789,90.0462532043457,35.199310302734396,13.047909537450199,88.148522872395,2012,234.9506568908691
527,TUR,Turkey,10111.5177086398,74.21119512195119,102.41883087158199,84.4281311035156,55.9015502929688,14.351944756551301,88.98583712071371,2010,242.7485122680664
528,TUR,Turkey,10584.1639636414,74.5404878048781,102.116470336914,88.8507232666016,60.6836013793945,12.7933216110756,89.8978035311445,2011,251.65079498291013
529,TUR,Turkey,10646.0355326161,74.8624390243903,100.033218383789,86.1093368530273,69.3854904174805,12.835034982268901,89.3628630105887,2012,255.5280456542968
530,TZA,Tanzania,708.521932325363,61.6256097560976,101.67852783203101,31.6452198028564,2.10865998268127,90.0791356407013,10.840464315959,2010,135.43240761756869
531,TZA,Tanzania,740.3839008298248,62.6320975609756,97.34331893920886,33.3096342086792,3.0138499736785853,89.58421068337229,12.1791618898451,2011,133.66680312156666
532,TZA,Tanzania,827.5288807690898,63.520902439024404,93.0081100463867,34.974048614502,3.9190399646759,88.1735242247949,13.877172312011199,2012,131.9011986255646
533,UGA,Uganda,608.8130238572901,55.8366585365854,117.44805908203101,26.417299270629893,3.918790102005,91.095525308986,8.904474691014002,2010,147.7841484546659
534,UGA,Uganda,591.43862381583,56.463756097560996,109.781303405762,25.3447093963623,4.38131999969482,90.3336788018451,9.666321198154904,2011,139.50733280181913
535,UKR,Ukraine,2973.9964807156202,70.2653658536586,102.362892150879,95.39096069335942,76.6554870605469,2.8805645289808703,80.4495782362408,2010,274.4093399047853
536,UKR,Ukraine,3569.757027404771,70.8092682926829,105.563041687012,93.90599822998051,79.249412536621,2.7330102278557,79.55725004748071,2011,278.7184524536135
537,UKR,Ukraine,3855.4212801318,70.94414634146341,105.973838806152,97.7727737426758,79.7016525268555,2.8335707961044,79.282783693716,2012,283.44826507568325
538,UMC,Upper middle income,5860.44851882962,73.72585771006409,117.54480743408199,84.76380920410159,29.1178493499756,19.1529794622015,85.99253975345758,2010,231.42646598815918
539,UMC,Upper middle income,6924.645315509421,73.9332333815759,117.072479248047,86.95960235595699,30.4963493347168,18.2683654503805,86.61878134379343,2011,234.5284309387208
540,UMC,Upper middle income,7304.074178765641,74.1297845607392,116.690078735352,88.0114517211914,32.8353614807129,18.363736522706002,86.63775638160541,2012,237.5368919372563
541,URY,Uruguay,11938.2750545308,76.3946097560976,112.035766601563,90.3358688354492,63.1523513793945,52.542949572190714,50.1104699617021,2010,265.5239868164067
542,URY,Uruguay,14166.5576672224,76.5411951219512,112.035766601563,90.3358688354492,63.1523513793945,48.5939718163772,56.1545138614322,2011,265.5239868164067
543,URY,Uruguay,15127.644150516699,76.6883902439024,112.035766601563,90.3358688354492,63.1523513793945,46.3742560180793,58.716215778109714,2012,265.5239868164067
544,USA,United States,48374.05645659661,78.5414634146342,99.4575729370117,93.1875991821289,93.2933883666992,7.47892778490904,84.14449790996571,2010,285.93856048583984
545,USA,United States,49781.357490134,78.64146341463409,98.7802276611328,93.5501708984375,95.3319625854492,8.18544254711103,83.68643615698409,2011,287.66236114501953
546,USA,United States,51456.658728035305,78.7414634146342,98.13031005859379,93.6739501953125,94.27670288085942,7.91839642846153,83.70897874737459,2012,286.08096313476574
547,UZB,Uzbekistan,1377.0821404693802,67.858756097561,93.0378875732422,104.53064727783199,8.87380981445313,2.6363345147039903,97.84426505594459,2010,206.44234466552732
548,UZB,Uzbekistan,1544.8277727352402,67.98039024390239,93.307762145996,105.169761657715,8.87380981445313,2.2401467333638,98.1433755046007,2011,207.35133361816412
549,UZB,Uzbekistan,1719.03619624155,68.104,93.1728248596191,104.8502044677735,8.87380981445313,2.37391619326812,98.01140758764221,2012,206.8968391418457
550,VCT,St. Vincent and the Grenadines,6231.713232314611,72.3463902439024,105.035293579102,107.538818359375,64.05832468748834,5.2358652750404815,94.76413472495952,2010,276.63243662596534
551,VCT,St. Vincent and the Grenadines,6183.67692373875,72.518756097561,99.64208221435551,103.553833007813,64.15537699328678,5.1345171030853605,94.86548289691464,2011,267.35129221545526
552,VCT,St. Vincent and the Grenadines,6337.77011183536,72.67185365853659,105.298866271973,100.949516296387,64.15537699328678,5.185191189062921,94.81480881093708,2012,270.4037595616468
553,VEN,Venezuela,13581.3533771018,73.6716097560976,102.513931274414,82.27581787109379,64.15537699328678,10.3240143332818,90.202100364732,2010,248.9451261387946
554,VEN,Venezuela,10754.5928790654,73.7916585365854,102.141288757324,83.23876953125,64.15537699328678,12.3562603102179,88.69583426814579,2011,249.53543528186077
555,VEN,Venezuela,12771.5950361107,73.9257317073171,102.06787109375,85.3671112060547,64.15537699328678,11.197541313112199,89.7246026767495,2012,251.59035929309147
556,VNM,Vietnam,1333.58352635481,75.3117317073171,104.913848876953,52.9237831372889,22.385000228881804,34.7958989351442,70.3281775071395,2010,180.2226322431237
557,VNM,Vietnam,1543.0269503302302,75.45790243902441,104.997909545898,52.9237831372889,24.4293003082275,35.52946562595871,69.5168445601794,2011,182.35099299141442
558,VNM,Vietnam,1755.26542357512,75.6066829268293,104.684341430664,52.9237831372889,24.599609375,35.5792424877634,69.4619048944349,2012,182.2077339429529
559,VUT,Vanuatu,2965.7522301167305,70.8499512195122,122.49356079101601,59.5326995849609,16.796129610730464,39.1407851557651,60.8592148442349,2010,198.82238998670738
560,WLD,World,9472.19629800569,70.4711611033348,108.264198303223,71.058219909668,29.3377494812012,17.7783621706898,80.8805909704758,2010,208.6601676940922
561,WLD,World,10368.8828174303,70.7473747971993,108.05721282959,72.6462173461914,31.0449199676514,17.869953507141894,81.2730255801158,2011,211.74835014343282
562,WLD,World,10460.1137656964,70.9822695893294,108.46085357666,73.9178085327148,32.278980255127,18.12471667112,81.34006500388209,2012,214.6576423645018
563,WSM,Samoa,3530.5739943531603,72.417,110.755928039551,87.6593170166016,64.15537699328677,26.4578249070031,73.5421750929969,2010,262.57062204943935
564,WSM,Samoa,4063.5639955260704,72.70126829268291,106.52871704101601,86.3735885620117,64.24950833930156,23.152074211029397,76.8479257889706,2011,257.1518139423293
565,WSM,Samoa,4257.06093488812,72.98004878048779,105.15772247314501,85.71044921875,64.15572053834522,24.80494955901625,75.19505044098375,2012,255.02389223024022
566,YEM,Yemen,1310.05383929542,62.7687317073171,91.99561309814449,44.3042182922363,10.865309715271001,0.836404324876501,98.79699941550159,2010,147.1651411056518
567,YEM,Yemen,1282.39883187217,63.0535365853659,96.7122116088867,46.2305717468262,10.2864303588867,0.988630663730807,98.51510955845059,2011,153.22921371459958
568,YEM,Yemen,1289.0340776366802,63.327292682926796,96.8764801025391,46.8638191223145,10.57587003707885,1.00075568537744,98.47997044234509,2012,154.31616926193246
569,ZAF,South Africa,7389.96026361652,54.390756097560995,104.376136779785,95.3937835693359,19.696849822998,16.882196564559802,87.5144413105238,2010,219.46677017211888
570,ZAF,South Africa,8080.865243390409,55.2956585365854,102.347702026367,98.45028686523442,19.696849822998,17.1091514799534,87.08589904365982,2011,220.4948387145994
571,ZAF,South Africa,7592.15799699268,56.0983170731707,101.58596038818399,101.894142150879,19.696849822998,16.9338140808662,86.9663471362664,2012,223.176952362061
572,ZAR,Dem. Rep. Congo,311.247895989099,56.89614634146339,102.68235015869101,40.872161865234396,8.17946529388428,96.84401237512371,3.20888929606774,2010,151.7339773178097
573,ZAR,Dem. Rep. Congo,350.27065424988297,57.39863414634149,105.17725372314501,43.140998840332,8.12530040740967,96.2616685405722,3.82857343284459,2011,156.44355297088669
574,ZAR,Dem. Rep. Congo,390.706603504545,57.85407317073171,110.898872375488,43.3397903442383,8.233630180358888,95.9568960827503,4.12581404840678,2012,162.4722929000852
575,ZMB,Zambia,1456.12652618031,56.38385365853661,111.396728515625,97.35541605230625,64.24950959311565,91.8009806576372,7.54227617474092,2010,273.0016541610469
576,ZMB,Zambia,1654.52528899089,57.4221951219512,112.97570037841801,97.35541605230625,64.24950959311563,90.4550195613109,8.60280407659817,2011,274.5806260238399
577,ZMB,Zambia,1686.6180240526196,58.3633170731707,113.597129821777,97.35541605230625,64.24950959311563,88.1521280758613,10.411087336811098,2012,275.2020554671989
578,ZWE,Zimbabwe,674.268695569663,49.574658536585396,109.22888946533199,47.20413970947271,6.21249008178711,77.7953595323635,26.6908078991735,2010,162.6455192565918
579,ZWE,Zimbabwe,768.556409302399,51.6003658536585,109.22888946533199,47.20413970947271,6.0217599868774405,75.7740041989035,28.372194326524898,2011,162.45478916168213
580,ZWE,Zimbabwe,850.827693995235,53.643073170731704,109.22888946533199,47.20413970947271,5.94416999816895,75.6025323245236,28.9468184237301,2012,162.37719917297363
