,ShortName,Year,HDI,Renewable energy consumption,Fossil fuel energy consumption
0,Aruba,2010,8791.365017572654,5.472760428860179,94.52723957113982
1,Aruba,2011,9146.622978296002,5.66206401405908,94.33793598594092
2,Aruba,2012,8969.556762161972,5.56741222145963,94.43258777854037
3,Afghanistan,2010,879.6371860205263,15.1715175144124,84.8284824855876
4,Afghanistan,2011,897.5692018593212,10.807524891266699,89.1924751087333
5,Afghanistan,2012,920.8407462570179,12.98952120283955,87.01047879716045
6,Angola,2010,1996.4928947584456,57.2750449010808,39.6231118028568
7,Angola,2011,2371.932655334157,57.703080525119994,38.7762231544854
8,Angola,2012,2531.7467662322365,57.175269970632286,38.9047614213091
9,Albania,2010,2060.4457814111206,37.18621254807261,63.0060071058106
10,Albania,2011,2175.325072838148,36.152322248187396,61.76574819600221
11,Albania,2012,2112.2786334098846,38.2218347471341,59.3713080107761
12,Arab World,2010,2678.3559244354406,5.802544951822821,96.3573934062905
13,Arab World,2011,2997.5954022708524,5.6646016909064505,96.51452377434792
14,Arab World,2012,3182.5249515851515,4.6443757030718205,96.2101531035948
15,United Arab Emirates,2010,12142.862178683681,0.139800814197871,99.9035185366592
16,United Arab Emirates,2011,13996.357370224583,0.141917439831288,99.89937134284521
17,United Arab Emirates,2012,14600.382785751654,0.133041001442044,99.9052535796254
18,Argentina,2010,4428.042514098553,8.960670110803651,89.51248386063509
19,Argentina,2011,5159.855317474996,8.95107637128109,89.6429655412694
20,Argentina,2012,5481.742611097579,8.772578263328219,89.80422866834152
21,Armenia,2010,1736.336786441788,9.36341748972634,67.3991814026011
22,Armenia,2011,1834.1715550891477,8.01900315689258,71.5412624263733
23,Armenia,2012,1883.9898908287917,6.56787286973008,77.3316937320935
24,Australia,2010,17979.116660835807,7.15970778869288,95.0724797361545
25,Australia,2011,21436.48075045484,7.477579185657411,94.846151997498
26,Australia,2012,23246.716731475335,8.44266614733211,94.39264051271641
27,Austria,2010,16250.140435313095,31.3980513617781,70.1076611774773
28,Austria,2011,17738.514751998522,31.459278040352398,69.0310165506824
29,Austria,2012,16805.730207375484,34.450599214459096,66.6567943619979
30,Azerbaijan,2010,2641.085358756229,4.449733916110031,96.93249161408221
31,Azerbaijan,2011,3090.4141739635256,3.5563305560703795,97.8625715488742
32,Azerbaijan,2012,3158.798942731914,2.8455217297110296,98.47670156655079
33,Burundi,2010,759.6867286540087,96.855982963671,3.1440170363290036
34,Burundi,2011,768.9755026164567,96.64631982553641,3.353680174463591
35,Burundi,2012,770.6619263048123,96.75115139460371,3.24884860539629
36,Belgium,2010,15457.59448926562,5.18756007288327,73.70715198744641
37,Belgium,2011,16597.130805916586,5.46170735535216,68.8622825962735
38,Belgium,2012,15607.868281772486,7.38454222614672,69.1293681458818
39,Benin,2010,933.8944433479159,51.5493723622777,41.5541857358705
40,Benin,2011,956.3228205234849,51.1920440498255,41.8098074461241
41,Benin,2012,959.6034755423294,50.567384139342096,42.3707141842762
42,Burkina Faso,2010,880.5031598458528,83.685211868941,16.314788131059004
43,Burkina Faso,2011,911.4331651580936,80.0100589387548,19.989941061245204
44,Burkina Faso,2012,914.3020334995259,81.8476354038479,18.152364596152097
45,Bangladesh,2010,946.8040759610407,41.026906552831896,71.3989782150986
46,Bangladesh,2011,973.3399176405815,39.5537384758395,72.04490822248908
47,Bangladesh,2012,980.5978769601012,38.2997229747086,72.99875222955579
48,Bulgaria,2010,2945.3547909569243,14.368109565090199,73.202076253634
49,Bulgaria,2011,3278.4010982216223,13.275559169121099,75.0209328798813
50,Bulgaria,2012,3139.8899023952636,15.7507407035973,72.1610978832518
51,Bahrain,2010,7490.715038695703,0.11950835803550319,99.8804916419645
52,Bahrain,2011,8108.659934621479,0.08271915887630144,99.9172808411237
53,The Bahamas,2010,8001.702992334068,1.5886077659666598,98.41139223403334
54,Belarus,2010,2633.086579088193,7.016370880922611,91.9883609410177
55,Belarus,2011,2795.7757736710387,7.37848466775092,91.3924705961574
56,Belarus,2012,2935.266920466073,7.249394130804879,91.04727046310431
57,Belize,2010,2141.3062392804554,26.9344129004042,73.0655870995958
58,Belize,2011,2199.3225600318865,26.8002952634995,73.19970473650051
59,Belize,2012,2252.066174358511,26.867354081951852,73.13264591804815
60,Bolivia,2010,1352.5226204515238,33.5383341388364,71.64524284050059
61,Bolivia,2011,1485.2144169014966,32.6775903791362,71.67500066581091
62,Bolivia,2012,1574.9119125821246,27.9853059719218,77.016608981501
63,Barbados,2010,5995.426076006142,8.814995675598151,91.18500432440185
64,Barbados,2011,5872.3008126334535,9.47726964900658,90.52273035099341
65,Brunei,2010,11180.274221609361,0.015310751194419148,99.99560472933635
66,Brunei,2011,14625.317906656992,0.0158307065371632,99.9956363279571
67,Brunei,2012,14632.635308807783,0.0147907958516751,99.9955731307156
68,Bhutan,2010,1426.3951641411688,91.38449976190759,8.615500238092409
69,Bhutan,2011,1521.7034157634805,89.9623125596346,10.037687440365403
70,Bhutan,2012,1510.9581634588114,90.6734061607711,9.326593839228906
71,Botswana,2010,2772.4682888518823,24.1049180959398,66.3292822154581
72,Botswana,2011,3193.2675057350257,24.5427801705814,64.7476932688676
73,Botswana,2012,3003.9387947910823,23.8516654375521,64.10676851293839
74,Central African Republic,2010,834.8085072086692,79.8106143056122,20.189385694387795
75,Central African Republic,2011,847.9778857154661,78.3746143693353,21.625385630664695
76,Central African Republic,2012,843.5965265799163,79.09261433747375,20.907385662526252
77,Canada,2010,16518.174893389925,20.6560972863199,74.3884977273915
78,Canada,2011,18059.533947233394,20.6911805749275,73.5312242688377
79,Canada,2012,18275.57057926356,20.5987217759522,73.3954920199198
80,Central Europe and the Baltics,2010,4877.1143306656,13.487770469698804,80.3034206030738
81,Central Europe and the Baltics,2011,5318.728197512238,13.613852465098699,80.2035807265998
82,Central Europe and the Baltics,2012,5023.223065646921,14.564339670452002,78.64887592432801
83,Switzerland,2010,25456.4556180067,21.200906559005197,51.5655992428555
84,Switzerland,2011,30032.101564110577,21.310707841763602,50.4146823266065
85,Switzerland,2012,28434.461367775202,22.6829471706078,50.9328928838729
86,Chile,2010,4958.442559942184,26.967397615020598,77.61830203050259
87,Chile,2011,5557.9191649539525,28.722085377659198,76.7094207834565
88,Chile,2012,5782.075226540178,30.2726133007203,70.0294987422752
89,China,2010,2199.9418481746816,19.0791252999497,87.7723560713829
90,China,2011,2553.4096977896734,18.016482523578894,88.41866488647209
91,China,2012,2783.9477967116836,18.362548391687,88.234699853205
92,Côte d'Ivoire,2010,1098.7455538277848,75.4242067587347,22.7830064449964
93,Côte d'Ivoire,2011,1097.7950178546419,79.31484698330999,20.5662443281185
94,Côte d'Ivoire,2012,1114.7487355435749,74.3988993949229,24.5310091482901
95,Cameroon,2010,1070.3123920178275,78.6042373329337,31.1639633691221
96,Cameroon,2011,1108.0206721740628,78.44117950798899,27.569543832972602
97,Cameroon,2012,1096.2598847998272,78.11013984318001,27.926525845689607
98,Congo,2010,1674.109376609323,50.14363781116121,45.2189345932452
99,Congo,2011,1841.4354665293922,49.544628062836,48.3333899893069
100,Congo,2012,1754.6960670833214,48.1863066589929,47.92390359924401
101,Colombia,2010,2777.9774511500023,27.9315336623273,76.95310386804441
102,Colombia,2011,3104.075211478163,26.417741743692602,75.71843547803951
103,Colombia,2012,3323.564024263315,26.2744366573836,75.5845145477952
104,Comoros,2010,937.2427675904523,50.2037933798067,49.7962066201933
105,Comoros,2011,954.5936172256579,46.849450137442204,53.150549862557796
106,Cabo Verde,2010,1825.508464780938,27.623550534186894,72.37644946581311
107,Cabo Verde,2011,1949.94040513295,21.2017319913292,78.7982680086708
108,Cabo Verde,2012,1860.8397867940118,24.412641262758047,75.58735873724196
109,Costa Rica,2010,3358.229028035936,42.31266694385421,47.515024698768904
110,Costa Rica,2011,3684.523407574489,40.5023101876756,48.263918128152504
111,Costa Rica,2012,3941.4834890418692,38.6240329941807,47.82845245017921
112,Caribbean small states,2010,3593.6319197738017,8.46895826369876,97.8990523592732
113,Caribbean small states,2011,3818.611094244769,9.461185822632087,97.7286444320038
114,Caribbean small states,2012,3890.2221493467073,5.2394384460948,97.66924809547159
115,Cuba,2010,2592.534122103864,17.301865431970903,88.77548254151242
116,Cuba,2011,2727.551137998214,19.5278621003757,86.7445848409268
117,Cuba,2012,2846.432414966432,18.8740932571624,86.51515150183849
118,Cyprus,2010,10842.760715341868,6.3532230485388,95.3906538183929
119,Cyprus,2011,11309.063674470739,7.41574686134132,94.89409483366569
120,Cyprus,2012,10320.012028152394,8.36186119085652,94.18066654120192
121,Czech Republic,2010,7283.796062905868,9.49242779015241,79.6752917186849
122,Czech Republic,2011,7915.271529636769,10.236926685531198,78.71749749664349
123,Czech Republic,2012,7243.668089819966,10.9261400017188,76.74858692023591
124,Germany,2010,14626.010863395482,10.604494570737598,79.38258800126441
125,Germany,2011,16009.274241088979,11.5781786333815,80.2619025303659
126,Germany,2012,15367.941356636076,12.384080025671699,80.4054027396733
127,Djibouti,2010,1142.940394325313,34.4333386851789,65.56666131482109
128,Djibouti,2011,1181.28825531643,34.4441895634032,65.5558104365968
129,Djibouti,2012,1220.0253696313487,34.438764124291055,65.56123587570895
130,Denmark,2010,19912.256254021664,21.2844587578086,78.27421767139249
131,Denmark,2011,21131.62040155177,23.952307126784,74.790271898714
132,Denmark,2012,19909.392176350495,27.563600720041,70.6381501087633
133,Dominican Republic,2010,2508.23851788992,13.308403217469099,89.52041927039909
134,Dominican Republic,2011,2634.7805307696326,13.201628082430199,89.66665313304871
135,Dominican Republic,2012,2684.045433709457,13.192353574874,89.43299088537407
136,Algeria,2010,2185.763498153879,0.257181978405563,99.8479387243765
137,Algeria,2011,2510.8246585218963,0.17993919704811898,99.8875680890448
138,Algeria,2012,2556.6467523540955,0.190373797304754,99.8600160655137
139,East Asia & Pacific (developing only),2010,2021.0857510627695,21.6221779189952,85.1187986261969
140,East Asia & Pacific (developing only),2011,2304.2868389880346,20.7808696077444,85.7416038034309
141,East Asia & Pacific (developing only),2012,2477.4380753209234,20.8694981370519,85.6795687810726
142,East Asia & Pacific (all income levels),2010,3211.6700184883825,17.8363666539024,84.854078615622
143,East Asia & Pacific (all income levels),2011,3590.143010684787,17.3721339281465,86.29969017644041
144,East Asia & Pacific (all income levels),2012,3775.8742015471053,17.5802666493755,86.73035520968959
145,Europe & Central Asia (developing only),2010,2677.160558635063,9.903065010734027,86.76750035215728
146,Europe & Central Asia (developing only),2011,2899.85206260774,8.81604026101828,87.56726196474398
147,Europe & Central Asia (developing only),2012,2934.6137201931974,9.10675804075376,87.22967639024903
148,Europe & Central Asia (all income levels),2010,8500.719918066376,10.6771845697135,80.36395417642791
149,Europe & Central Asia (all income levels),2011,9256.20126127614,10.666039863691301,80.3054301571528
150,Europe & Central Asia (all income levels),2012,8892.723338724476,11.3429435120193,79.87294946530321
151,Ecuador,2010,2247.4438474453464,11.929304634258001,89.57949574768091
152,Ecuador,2011,2436.534671308606,13.2200206810377,88.2757994431629
153,Ecuador,2012,2596.533762631257,13.373407137408199,88.31464021482391
154,Egypt,2010,1582.792093648172,5.67095665934992,96.310822041005
155,Egypt,2011,1632.7334201836502,5.518388318635041,96.46974120305859
156,Egypt,2012,1716.9743432653547,5.4994256110512,96.3716620249797
157,Euro area,2010,13231.10338670088,12.5685279533874,73.0302480087043
158,Euro area,2011,14173.990386175969,12.994308992216,72.263192042825
159,Euro area,2012,13226.635203177493,14.1219701799378,71.6599937127914
160,Eritrea,2010,840.9642797734365,81.2465788707768,21.970131452233602
161,Eritrea,2011,872.5105989984448,80.7803657418306,21.682701839697
162,Spain,2010,10943.153033368935,14.403389265798197,76.0791913211814
163,Spain,2011,11308.571230154865,14.749767075397699,76.58020659014142
164,Spain,2012,10247.420690652498,15.7452779323123,75.02599055544191
165,Estonia,2010,5575.610804222294,25.1298836575445,20.574857771559106
166,Estonia,2011,6513.661009821694,24.9835412164041,18.877978115761106
167,Estonia,2012,6526.439986436398,24.9085515162449,19.559749384490896
168,European Union,2010,11894.899018095677,12.572331212831301,75.13567576760809
169,European Union,2011,12778.579748676018,13.0818638664884,74.23311898164509
170,European Union,2012,12079.931889510248,14.1364932003583,73.4010229450847
171,Fragile and conflict affected situations,2010,1149.8585280614332,48.6031764877715,64.1102114825457
172,Fragile and conflict affected situations,2011,1167.2589478691932,49.337752404035705,61.5754737025847
173,Fragile and conflict affected situations,2012,1225.7546723827065,44.8634448209425,62.438785606089
174,Finland,2010,16098.34558096427,33.517270330549,48.95682348953179
175,Finland,2011,17626.345238186805,35.1273844891188,46.6461755429236
176,Finland,2012,16502.728900134465,39.1158770869893,42.092800589199
177,Fiji,2011,2144.1614447080233,12.2221321370606,87.7778678629394
178,Fiji,2012,2210.670104678645,12.2221321370606,87.7778678629394
179,France,2010,14265.809881525414,12.1825851406197,49.8491373096311
180,France,2011,15300.19684579588,11.3047732278128,48.4269574324803
181,France,2012,14314.773555392576,12.5887942241418,48.7252996968223
182,Gabon,2010,3794.723430652391,68.3401897363709,40.7108626651601
183,Gabon,2011,4534.617432878026,68.2558799445939,41.382774829472
184,Gabon,2012,4239.237661336206,69.5713728500493,40.7263993881202
185,United Kingdom,2010,13461.091190127563,3.2313177420432995,88.2733499684055
186,United Kingdom,2011,14370.776061273698,4.10731876467802,85.61935333604642
187,United Kingdom,2012,14462.473226305126,4.35069563220353,85.15753330578171
188,Georgia,2010,1565.810552144999,40.1223222232354,64.7033446252482
189,Georgia,2011,1768.1385505304218,31.5376625508255,72.76506637151292
190,Georgia,2012,1871.5587962995135,28.692621893000197,74.4628232768799
191,Ghana,2010,1131.2363720594387,56.6273746995965,39.389165896959895
192,Ghana,2011,1219.66629091587,53.4991253045253,40.794255386357705
193,Ghana,2012,1238.2676487382114,49.487521932051294,43.641853265586796
194,Guinea,2010,832.1205075465292,77.2285011374991,22.771498862500906
195,Guinea,2011,838.5971752902889,76.3215213851067,23.678478614893294
196,Guinea,2012,852.3277827851929,76.7750112613029,23.224988738697107
197,The Gambia,2010,877.3029254769199,45.08914278208921,54.91085721791079
198,The Gambia,2011,862.5149465751156,48.834288700662,51.165711299338
199,Guinea-Bissau,2010,860.8042422311355,88.78239072497429,11.217609275025708
200,Equatorial Guinea,2010,6502.354515010101,31.2768005113449,68.7231994886551
201,Equatorial Guinea,2011,8337.457706400031,29.8151424066013,70.1848575933987
202,Greece,2010,9644.081091793583,11.1215262516397,90.36634837240368
203,Greece,2011,9321.248530847524,11.124052861057699,90.82819577094541
204,Greece,2012,8079.850021579921,13.8954403683446,90.101625032647
205,Grenada,2010,3149.4113491979274,9.34845259908026,90.65154740091974
206,Guatemala,2010,1628.9089519185982,66.5854373184828,32.6603557483935
207,Guatemala,2011,1749.530979334122,66.4174054652603,30.921072247740607
208,Guatemala,2012,1787.2928243194774,66.2195613497278,30.876157716716104
209,Guyana,2010,1691.6613271859878,33.663856465925,66.336143534075
210,Guyana,2011,1828.618188405041,36.1084556838633,63.8915443161367
211,Guyana,2012,1945.8647877504675,34.886156074894146,65.11384392510585
212,High income,2010,12242.095981942994,9.008233594290301,82.71404453056171
213,High income,2011,13133.128049067212,9.410528179499721,83.1090884569631
214,High income,2012,13137.432523356887,9.597753002019939,83.1489659524145
215,"Hong Kong SAR, China",2010,11547.658759967162,0.8349001630248009,94.1622316034285
216,"Hong Kong SAR, China",2011,12412.303295224605,1.06513436699193,94.46197783754192
217,"Hong Kong SAR, China",2012,12934.418238686761,1.0573136025489398,93.3294512745702
218,Honduras,2010,1397.738665498952,53.13429448983521,51.186476788296396
219,Honduras,2011,1469.109948777319,53.9132038101431,51.296153988972215
220,Honduras,2012,1493.276155437178,53.38615074681361,51.59029833311211
221,Heavily indebted poor countries (HIPC),2010,935.2964286236717,80.2948286671966,19.583249340270697
222,Heavily indebted poor countries (HIPC),2011,956.7427357749915,79.5173405823585,19.620859081527694
223,Heavily indebted poor countries (HIPC),2012,967.4031968651649,79.4813553420958,20.5653707757601
224,Croatia,2010,5198.5538085081,19.4307060273165,81.9289185156779
225,Croatia,2011,5543.317736314432,17.2173333186891,81.5953158646396
226,Croatia,2012,5108.300653472935,19.9681308404715,79.1760766187254
227,Hungary,2010,5031.184232048757,9.05342582385858,74.2662531462368
228,Hungary,2011,5372.8775999738555,9.642452906144301,73.3366030578705
229,Hungary,2012,4968.9251578124495,10.185499566551,71.51698559694191
230,Indonesia,2010,1734.4557095738703,37.8401641128113,66.6888811203797
231,Indonesia,2011,1908.987004018444,38.4507992252419,65.4254427246718
232,Indonesia,2012,1927.0143663566932,37.0628533793735,66.4590760881079
233,India,2010,1154.7954101181444,40.625529382855795,72.7324387435234
234,India,2011,1183.1875366574825,39.8541300419949,72.7530996369958
235,India,2012,1176.3182508579437,38.9906216330861,73.6374164000762
236,Ireland,2010,16783.803086920878,5.25910935007182,89.57964901972342
237,Ireland,2011,18306.722122311603,7.0874139039996695,87.622476645854
238,Ireland,2012,17023.274958445345,6.95511278314283,86.3763998075078
239,Iran,2010,2794.6339695461193,0.895194789085619,99.4535140382457
240,Iran,2011,3319.965792459848,0.911569389443978,99.42834790716101
241,Iran,2012,3265.770885115958,0.929497113935958,99.33342384119041
242,Iceland,2010,14570.655004901737,76.1011696732484,17.5089354773885
243,Iceland,2011,16021.417405826354,77.26750600171141,16.1666325534047
244,Iceland,2012,15451.25328879041,78.1393236888574,10.2308241960191
245,Israel,2010,10942.655444317928,8.50335600889084,96.351907306234
246,Israel,2011,11933.327020502891,9.02175159345035,96.48686976061992
247,Israel,2012,11637.521084977192,8.67849741480222,96.61953079252329
248,Italy,2010,12656.636172699218,10.0936636417561,86.5216697646237
249,Italy,2011,13486.04349160995,11.1002348529515,85.0708807527021
250,Italy,2012,12312.91237241288,12.092015270060699,83.86882345460441
251,Jamaica,2010,2328.29395099952,13.705624180107,82.7753974991107
252,Jamaica,2011,2472.1835838275542,13.8752650263304,82.604421029381
253,Jamaica,2012,2510.392401848756,14.6560722397136,82.19292459436309
254,Jordan,2010,2151.385640936303,2.9680620216081803,97.34739254930427
255,Jordan,2011,2250.182051367157,3.02144386842695,95.99185140348257
256,Jordan,2012,2327.478612282091,3.06691904519934,97.24132313337459
257,Japan,2010,15000.692278427077,4.49748475828325,80.8835944333934
258,Japan,2011,16099.100246165266,4.62610547446526,89.7188422680585
259,Japan,2012,16258.12050993043,4.48148729400944,94.5568487405975
260,Kazakhstan,2010,3716.3151126178363,1.38236337672173,98.78505276068027
261,Kazakhstan,2011,4479.308496897999,1.38189977497309,98.9338316937763
262,Kazakhstan,2012,4733.9717799004,1.3582612145148998,98.89124330363708
263,Kenya,2010,1020.1897182997654,76.309222028074,19.7164546660662
264,Kenya,2011,1027.8046640598316,77.1205051481577,19.459117181990198
265,Kenya,2012,1085.7320121771452,78.53266267873519,17.7415358545906
266,Kyrgyz Republic,2010,986.4459250397031,25.594797557314703,70.51697531144441
267,Kyrgyz Republic,2011,1068.16186902903,25.9507401694167,70.1008025476591
268,Kyrgyz Republic,2012,1086.6590579676233,22.4759417166349,73.8546491631262
269,Cambodia,2010,953.0261494711964,73.3050970777508,25.6002057347773
270,Cambodia,2011,985.6747073803735,72.25212709165301,26.224237182084604
271,Cambodia,2012,1008.6018522530654,72.6311873998056,25.2392159237822
272,Korea,2010,8080.586703881533,1.2877823190450102,82.880418510337
273,Korea,2011,8749.265640826308,1.32246037910361,82.7553553459467
274,Korea,2012,8849.061775699514,1.59882449920394,83.2318340574838
275,Latin America & Caribbean (developing only),2010,3422.401805224072,33.9635452571534,68.0560473309485
276,Latin America & Caribbean (developing only),2011,3815.4525685282574,33.03904637694939,68.588843598338
277,Latin America & Caribbean (developing only),2012,3716.6855497277193,32.0564533221848,69.7824216182577
278,Lao PDR,2010,1073.8096735763504,87.47752219023609,12.522477809763913
279,Lao PDR,2011,1125.5925744837866,86.5279217784091,13.472078221590905
280,Lao PDR,2012,1174.3726541125939,87.00272198432259,12.99727801567741
281,Lebanon,2010,3617.6829148844377,5.27373334420694,94.97600391082199
282,Lebanon,2011,3740.9977096986227,5.231662310845941,95.52014106438659
283,Lebanon,2012,3940.376186262523,4.97238470129638,96.3714448412622
284,Liberia,2010,798.6819102647302,90.63533641886379,9.364663581136213
285,Liberia,2011,816.5594679706973,89.3924845411912,10.607515458808805
286,St. Lucia,2010,3042.6593632416057,2.35488589091232,97.64511410908769
287,St. Lucia,2011,3093.768512429798,2.30692409575813,97.69307590424187
288,St. Lucia,2012,3111.6707130177165,2.330904993335225,97.66909500666478
289,Latin America & Caribbean (all income levels),2010,3686.9018808133787,28.670611671653198,73.4440953853096
290,Latin America & Caribbean (all income levels),2011,4045.9691736284108,28.473043721101106,73.5281338926358
291,Latin America & Caribbean (all income levels),2012,4026.3442473748023,27.6883316796808,74.21383757163079
292,Least developed countries: UN classification,2010,940.5173016198183,76.2968170909485,26.8758863078334
293,Least developed countries: UN classification,2011,969.3453024414279,75.8233687075287,26.420516181560398
294,Least developed countries: UN classification,2012,979.607799611972,74.8458334575855,27.1624850054312
295,Low income,2010,857.6653159426269,79.29763052521521,20.8205754633164
296,Low income,2011,873.7617401450365,80.5040406043757,18.2835248659808
297,Low income,2012,884.4954397961692,80.9501144347351,18.6605729028513
298,Sri Lanka,2010,1610.1224676547579,62.040586834477104,42.8579880339456
299,Sri Lanka,2011,1737.8647050825155,59.462528312660204,48.2055538124751
300,Sri Lanka,2012,1817.5261361892497,60.8586843808416,47.3752124579521
301,Lower middle income,2010,1249.3298827297897,41.0207621591805,66.9490729079769
302,Lower middle income,2011,1305.8835214654553,40.6725206246261,66.6556604725852
303,Lower middle income,2012,1321.7938851577665,40.3029028263811,67.0190656304497
304,Low & middle income,2010,1786.059526009838,28.642473189306106,78.8760937508436
305,Low & middle income,2011,1957.2678841928193,27.841477633756,79.37875093927059
306,Low & middle income,2012,2013.5363795301973,27.1658994263893,79.5734366244883
307,Lesotho,2010,1048.4887283262753,4.129779772473181,95.87022022752681
308,Lesotho,2011,1100.141820777177,4.2366830764063,95.7633169235937
309,Lesotho,2012,1073.2134073516734,4.18323142443974,95.81676857556026
310,Lithuania,2010,4690.675420097309,21.6942741128512,74.2902408462139
311,Lithuania,2011,5483.924246539682,23.0945555739396,73.8759517274449
312,Lithuania,2012,5476.128963878648,24.2753746699542,72.8995685155005
313,Luxembourg,2010,35119.30273947736,3.66208568136132,87.9470457058013
314,Luxembourg,2011,38443.84959228935,3.71949169019675,86.99972562078302
315,Luxembourg,2012,35846.82864122328,4.1425917610700695,87.2126299140554
316,Latvia,2010,4467.666643074423,35.2677525128485,63.9168836673288
317,Latvia,2011,5288.595132123733,35.5350854111284,62.893899271543596
318,Latvia,2012,5287.013211136196,40.366469498026,58.04189358610621
319,"Macao SAR, China",2010,18378.559967870002,0.44678692050221896,99.55321307949778
320,"Macao SAR, China",2011,23034.623224435043,0.18257493544980705,99.81742506455019
321,"Macao SAR, China",2012,26390.314784644535,0.314680927976013,99.68531907202399
322,Morocco,2010,1646.7501136190228,13.376368075423803,87.9298302478451
323,Morocco,2011,1716.82953226071,11.798974609800403,89.0440781914671
324,Morocco,2012,1672.254952690102,11.3375396476102,89.33378706812229
325,Moldova,2010,1236.6646512488464,4.16136400813449,93.15206876886421
326,Moldova,2011,1350.0488884054291,4.38451434918518,94.8798730536595
327,Moldova,2012,1375.743400428412,4.66681646773929,94.4486479870661
328,Madagascar,2010,829.1681729753246,81.8547731181557,18.145226881844295
329,Madagascar,2011,843.7122405894861,78.8537331510289,21.146266848971095
330,Madagascar,2012,840.4017174289124,80.35425313459231,19.645746865407688
331,Middle East & North Africa (all income levels),2010,3063.6503236047633,2.14741123814603,98.6571999277466
332,Middle East & North Africa (all income levels),2011,3476.6231082892814,2.07764664865132,98.7186250842937
333,Middle East & North Africa (all income levels),2012,3633.3723409807267,2.02959766581671,98.60348607087772
334,Mexico,2010,3645.7924315153487,9.95074603463141,89.26571881849729
335,Mexico,2011,3934.0994182993522,9.63166989165226,89.19102603159858
336,Mexico,2012,3930.575038246379,9.35089435158097,90.15050064071173
337,Middle income,2010,1889.6571799923834,26.2717253218223,80.3447923412037
338,Middle income,2011,2079.9777356607283,25.4645310879152,80.8572132591874
339,Middle income,2012,2143.402651356111,25.346795835542803,81.01688312171909
340,Macedonia,2010,2215.3000601985104,22.5935997402025,81.14242049210121
341,Macedonia,2011,2388.6121970529075,17.822637051876,82.0248202527083
342,Macedonia,2012,2265.514298690021,16.4684817692157,82.4375307856671
343,Mali,2010,892.3234689910672,83.9245530261314,16.075446973868594
344,Mali,2011,916.1608634715648,83.8728138077592,16.1271861922408
345,Mali,2012,903.629606694729,83.8986834169453,16.101316583054697
346,Malta,2010,7261.8269058966025,0.723732527118897,99.65462161512691
347,Malta,2011,8146.484921756139,0.995532050976647,99.54056835348558
348,Malta,2012,7756.352108081205,2.60527016389965,98.55895150939659
349,Myanmar,2010,1165.4716128684993,84.950431756084,21.5752620591153
350,Myanmar,2011,1165.8927510798815,84.5191515885729,20.98269130199
351,Myanmar,2012,1166.3083770961418,78.7238455502797,25.379699624809298
352,Middle East & North Africa (developing only),2010,2060.819772380929,2.68482100854267,97.94929609182621
353,Middle East & North Africa (developing only),2011,2245.7754411086185,2.5929500630226,97.9651658271975
354,Middle East & North Africa (developing only),2012,2332.1641451531646,2.57958666433229,97.92811144643859
355,Montenegro,2010,2922.2326298176854,54.524847938436004,60.575088892914295
356,Montenegro,2011,3134.7613520402997,43.1886771152975,63.0441155047381
357,Montenegro,2012,2891.12371912366,46.195479527495394,61.182122911338396
358,Mongolia,2010,1575.9835713840941,3.8265449094255697,95.14211439282472
359,Mongolia,2011,1950.6846946564885,3.5439791155586,95.36000871892419
360,Mongolia,2012,2152.6174607664907,3.21669606007016,95.5075857070657
361,Mozambique,2010,826.9093779907425,89.91208949411329,8.01044234595358
362,Mozambique,2011,863.2099152080656,88.9293416422434,9.10803815272205
363,Mozambique,2012,877.0081950151789,88.4371895827227,8.362592401153341
364,Mauritania,2010,1093.2778760689291,33.9988100676295,66.0011899323705
365,Mauritania,2011,1154.7403698342862,33.2825908153162,66.7174091846838
366,Mauritania,2012,1119.1150906725225,33.640700441472845,66.35929955852716
367,Mauritius,2010,3285.0224578669036,3.82392131999718,81.6563002709459
368,Mauritius,2011,3689.6321992889875,3.3648589115029703,82.4397083567022
369,Mauritius,2012,3733.168019191382,3.594390115750075,83.1532446536406
370,Malawi,2010,810.7842711483507,78.6465215776911,21.353478422308896
371,Malawi,2011,813.0348230469444,79.24445547558841,20.75554452441159
372,Malawi,2012,780.7126079904059,78.94548852663976,21.054511473360236
373,Malaysia,2010,3717.733179160945,6.04384189324147,94.91398989431627
374,Malaysia,2011,4171.01426870322,6.54437330194014,94.8455881981139
375,Malaysia,2012,4307.027465146757,6.7957857581449295,94.7758045562017
376,North America,2010,16793.411410072684,8.98541188115789,83.15054156969259
377,North America,2011,17368.90326085981,9.6720995570831,82.63527845663779
378,North America,2012,17893.712417243696,9.44438396353191,82.62610271280259
379,Namibia,2010,2405.203656158466,32.7789967329081,65.9688013408565
380,Namibia,2011,2537.9641101336524,33.42250068952489,65.3823094214045
381,Namibia,2012,2585.2797871834778,32.9402578329674,65.68890048284571
382,Niger,2010,806.4217394489286,80.13898612070909,19.86101387929091
383,Niger,2011,816.1350358498859,81.2749467804239,18.725053219576097
384,Niger,2012,821.9053198767687,80.7069664505665,19.293033549433503
385,Nigeria,2010,1458.7643496161973,86.7920620089302,18.014919949632002
386,Nigeria,2011,1525.6288087991131,86.16954661791071,18.9856648495815
387,Nigeria,2012,1601.31906301302,86.4723026264126,18.7740850877279
388,Nicaragua,2010,1202.3544003165757,51.8890898392595,46.9123572317058
389,Nicaragua,2011,1254.8831643121623,51.4944496968777,48.61373228786761
390,Nicaragua,2012,1288.693183675938,53.12039718948049,43.678723660656395
391,Netherlands,2010,17477.318119580126,3.56090749014018,93.8350968071438
392,Netherlands,2011,18543.160009755895,4.36388832310723,92.3206659361961
393,Netherlands,2012,17189.27016149026,4.65483804555953,91.5042735758447
394,High income: nonOECD,2010,5842.394054256701,4.45568861092065,92.3498287922537
395,High income: nonOECD,2011,6692.786918377768,4.410439727512559,92.58806520504328
396,High income: nonOECD,2012,7061.395316167745,4.3517498591492405,92.30778420496227
397,Norway,2010,29912.422552815467,56.3348633239853,61.2208205788509
398,Norway,2011,34222.47079513174,56.6191862277655,57.2921242123071
399,Norway,2012,34552.38463236973,58.0179485735573,57.0505511225486
400,Nepal,2010,891.1330025449633,87.29244813035999,12.5967265081853
401,Nepal,2011,925.0966108135627,86.94551550167989,12.9866552744239
402,Nepal,2012,922.1066918757275,84.72026885116779,15.1708246198457
403,New Zealand,2010,11828.258478457663,31.341974150388108,60.9415615552369
404,New Zealand,2011,13329.586281546994,32.199223363926,59.536623412269
405,New Zealand,2012,12579.539859677127,30.7800698457796,61.7518923786682
406,High income: OECD,2010,14183.322560668128,9.9405707089375,80.1984211440673
407,High income: OECD,2011,15096.314229638672,10.4751835719721,80.45568169566421
408,High income: OECD,2012,15002.480245140527,10.7480503604317,80.60083401017671
409,OECD members,2010,12587.218643096168,10.0343634902772,80.6657024806655
410,OECD members,2011,13383.72894440294,10.500770082963001,80.95811627400991
411,OECD members,2012,13290.783622430872,10.7525176639595,81.1386421274737
412,Oman,2010,7335.567457837816,0.0,100.0
413,Oman,2011,7750.554463861347,0.0,100.0
414,Oman,2012,7874.132388089536,0.0,100.0
415,Other small states,2010,2100.084140176546,40.7231591206046,61.356094443759496
416,Other small states,2011,2365.2038714316686,40.2574254605143,61.3200101506446
417,Other small states,2012,2320.244682493965,40.49029229055945,60.9237215097285
418,Pakistan,2010,1039.4875886712432,45.8127399818244,61.4365952279519
419,Pakistan,2011,1102.4208091893634,45.129526148454,60.8437913739964
420,Pakistan,2012,1114.69921205443,45.4876602788976,60.71857822587621
421,Panama,2010,3348.4824412764997,24.093856445134506,77.2036207048071
422,Panama,2011,3708.029698834173,22.2092691872969,79.7098845880993
423,Panama,2012,4075.9193925555624,22.864839069500604,78.3076270941513
424,Peru,2010,2379.9809786473993,30.731297791795807,74.70424777479529
425,Peru,2011,2605.3971796133023,29.5472591623523,75.9199301518594
426,Peru,2012,2824.9675854640786,28.249880452110897,77.7104858098165
427,Philippines,2010,1407.6744413821868,28.8118585238414,60.2102463780373
428,Philippines,2011,1483.5813983882654,29.4105609182024,59.6622939821062
429,Philippines,2012,1561.5543566692504,29.4027836263597,60.7341423858094
430,Poland,2010,4894.568377972905,9.49526089526951,92.283845931251
431,Poland,2011,5326.296009841139,10.5797832627311,91.9763050506369
432,Poland,2012,5076.947851861404,11.0841365261952,90.8193211998091
433,Puerto Rico,2010,9507.96940804168,0.6882608508624771,99.31173914913752
434,Puerto Rico,2011,9769.584064235945,1.00011681508173,98.99988318491827
435,Puerto Rico,2012,9947.526093742688,0.8441888329721035,99.15581116702789
436,Portugal,2010,8209.674278959998,27.8219899973527,75.1269714884534
437,Portugal,2011,8428.737229492472,27.1624980381712,75.70243235078308
438,Portugal,2012,7556.591936107202,25.5642514762682,75.1735130890123
439,Paraguay,2010,1769.2976821397654,64.2493654439007,32.5612751980796
440,Paraguay,2011,2022.328566214147,63.1114379927601,33.6368381384045
441,Paraguay,2012,1980.8968307582265,62.6775121178113,33.8178344797968
442,Pacific island small states,2010,1656.6781532141893,22.4179577656568,77.58204223434319
443,Pacific island small states,2011,1822.395501647723,22.643677517032,77.356322482968
444,Pacific island small states,2012,1872.9389368700577,22.5308176413444,77.4691823586556
445,Qatar,2010,24319.35069857241,0.0,100.0
446,Qatar,2011,30401.643098574317,0.0,100.0
447,Romania,2010,3460.314052436385,24.095709172025398,75.0724459122761
448,Romania,2011,3761.947079779679,21.112732139261894,77.64184880650521
449,Romania,2012,3554.5842096907795,21.678833410237196,76.4444719739602
450,Russia,2010,4251.284433326458,3.34270674397318,90.7336471077676
451,Russia,2011,5134.847304007255,3.22775687220058,91.11309748513081
452,Russia,2012,5387.065474323445,3.24500315811185,91.0670439639102
453,Rwanda,2010,874.9997460328295,90.65595624600228,9.344043753997724
454,Rwanda,2011,893.3527507511118,86.7516151627137,13.248384837286295
455,Rwanda,2012,914.0713160626992,88.70378570435798,11.296214295642017
456,South Asia,2010,1120.5967822767946,42.4329857816697,70.51882027486779
457,South Asia,2011,1153.5319704067613,41.5255618912979,70.595364625462
458,South Asia,2012,1151.2623261941392,40.8589899730607,71.4664971714148
459,Saudi Arabia,2010,6945.894280988,0.00826393674766115,99.9967739867234
460,Saudi Arabia,2011,8446.983488767413,0.0091158129498066,99.996227047041
461,Saudi Arabia,2012,8989.73524634788,0.00857538311969361,99.9966043436557
462,Sudan,2010,1164.525175931798,61.4393202951286,30.9993033675996
463,Sudan,2011,1223.300248714142,63.9927354458512,29.6029761326076
464,Sudan,2012,1245.706611990647,63.967858706610095,28.2492485738164
465,Senegal,2010,1024.0447115088393,51.170171563619604,44.9126966470035
466,Senegal,2011,1052.2756279512996,49.568701003502206,46.3319669222844
467,Senegal,2012,1032.1970361024903,51.364727738825295,44.60668508762471
468,Solomon Islands,2010,1117.8047238804086,67.4127788181803,32.5872211818197
469,Solomon Islands,2011,1242.3817822606484,67.1849977781873,32.815002221812705
470,Sierra Leone,2011,850.304545482208,80.34598060676741,19.654019393232588
471,Sierra Leone,2012,893.5654501636745,80.34598060676741,19.654019393232588
472,El Salvador,2010,1876.2471976364395,34.1273882098558,46.02947677584479
473,El Salvador,2011,1968.0982535289725,34.0188568424549,47.381766794729
474,El Salvador,2012,2001.9840829250418,34.0116111235761,47.319482514636896
475,Serbia,2010,2498.7379964283214,20.7096664829556,86.8853714692511
476,Serbia,2011,2836.276122903895,17.672151056734602,89.08806084495899
477,Serbia,2012,2582.0722631342546,19.6094256895382,87.1381945616127
478,Sub-Saharan Africa (developing only),2010,1193.953995485489,70.7801455816965,39.9672498582592
479,Sub-Saharan Africa (developing only),2011,1243.7139927708522,70.9086533833877,39.3066567502836
480,Sub-Saharan Africa (developing only),2012,1255.0971842857673,69.92783167091311,38.6734004874476
481,Sub-Saharan Africa (all income levels),2010,1198.7508595714214,70.71607793461409,39.9672498582592
482,Sub-Saharan Africa (all income levels),2011,1250.0322298645833,70.85005909852809,39.3066567502835
483,Sub-Saharan Africa (all income levels),2012,1261.530066636784,69.92783167091311,38.6734004874476
484,Small states,2010,2426.1432441593383,28.1512899132033,88.13333916965902
485,Small states,2011,2670.4684875830785,28.440892342639106,87.9458157825926
486,Small states,2012,2657.1709385238087,28.2960911279212,87.5295745435907
487,São Tomé and Principe,2010,1072.6789980740398,43.7595496677953,56.2404503322047
488,São Tomé and Principe,2011,1150.3785671588582,43.21514030889711,56.78485969110289
489,São Tomé and Principe,2012,1188.7273018548583,43.48734498834621,56.51265501165379
490,Suriname,2011,3510.0345503595145,19.4073518368715,80.5926481631285
491,Slovak Republic,2010,6213.333770270983,10.2796455625289,70.23777338678211
492,Slovak Republic,2011,6741.895357717389,10.3575514619004,68.5113631680676
493,Slovak Republic,2012,6431.796320860753,10.4808356583089,66.8135852523402
494,Slovenia,2010,8509.42950407737,18.051059381045498,67.5432540201315
495,Slovenia,2011,9024.888152384536,17.7199138016331,65.3044865302468
496,Slovenia,2012,8189.907317675367,19.321734711102,65.21560029044011
497,Sweden,2010,18055.960581366897,45.9778062872266,34.4232514038991
498,Sweden,2011,20562.16241242109,46.544139556720296,34.2141870452598
499,Sweden,2012,19742.593982096394,49.9131719386059,30.9991557787887
500,Swaziland,2010,1671.680850259577,39.40409307858479,60.59590692141521
501,Swaziland,2011,2051.015210961641,39.468596234764206,60.531403765235794
502,Swaziland,2012,2016.5059321925874,39.4363446566745,60.5636553433255
503,Seychelles,2010,4296.0860639939365,0.404373559494664,99.59562644050534
504,Seychelles,2011,4757.5771124639,0.50794234205294,99.49205765794706
505,Seychelles,2012,4977.028454691764,0.456157950773802,99.5438420492262
506,Chad,2010,985.2466896740913,90.79990861342631,9.200091386573689
507,Chad,2011,1016.5917036712441,90.6072397721715,9.392760227828504
508,Chad,2012,1011.8202451180495,90.7035741927989,9.296425807201103
509,Togo,2010,854.5880183928053,65.8427051722329,22.035708977705998
510,Togo,2011,880.3188279034443,69.1270127809019,19.9090893713015
511,Togo,2012,883.682971809595,72.71048690145291,17.218102605253
512,Thailand,2010,2398.534522694277,22.797541115225002,79.92580451467641
513,Thailand,2011,2541.462252782621,22.2723558521667,80.4358881332693
514,Thailand,2012,2667.996612103408,23.0230560779748,80.3032162051895
515,Tajikistan,2010,940.9177608030951,62.09949475349421,34.6058097388425
516,Tajikistan,2011,973.7038836207443,60.2528093948316,36.25452584123021
517,Tajikistan,2012,1014.535366821094,57.973075863496504,38.384097755706
518,Tonga,2010,1879.9732644737123,1.00787032843021,98.99212967156978
519,Tonga,2011,2103.342492746752,1.12681954248191,98.87318045751809
520,Tonga,2012,2149.59908140738,1.06734493545606,98.93265506454394
521,Trinidad and Tobago,2010,5973.4016072813365,0.336168472595429,99.9296355737969
522,Trinidad and Tobago,2011,6789.460930394758,0.36043394693671504,99.9291856214674
523,Trinidad and Tobago,2012,6801.491730409968,0.32416613528890603,99.92797158057829
524,Tunisia,2010,2087.0713001652434,14.265056829212401,86.57640552620441
525,Tunisia,2011,2127.8118666432415,13.350624109229601,87.90381629893602
526,Tunisia,2012,2091.1795508229466,13.047909537450199,88.148522872395
527,Turkey,2010,4065.2429679205834,14.351944756551301,88.98583712071371
528,Turkey,2011,4223.234817148759,12.7933216110756,89.8978035311445
529,Turkey,2012,4244.299323880164,12.835034982268901,89.3628630105887
530,Tanzania,2010,926.7158473604868,90.0791356407013,10.840464315959
531,Tanzania,2011,938.0053327969335,89.58421068337229,12.1791618898451
532,Tanzania,2012,967.6832610693714,88.1735242247949,13.877172312011199
533,Uganda,2010,891.5498941312918,91.095525308986,8.904474691014002
534,Uganda,2011,886.3007933044637,90.3336788018451,9.666321198154904
535,Ukraine,2010,1684.7539488564264,2.8805645289808703,80.4495782362408
536,Ukraine,2011,1883.8554318991512,2.7330102278557,79.55725004748071
537,Ukraine,2012,1979.4551421577544,2.8335707961044,79.282783693716
538,Upper middle income,2010,2648.058125513228,19.1529794622015,85.99253975345758
539,Upper middle income,2011,3003.192849630332,18.2683654503805,86.61878134379343
540,Upper middle income,2012,3130.0679877754606,18.363736522706002,86.63775638160541
541,Uruguay,2010,4674.889888095633,52.542949572190714,50.1104699617021
542,Uruguay,2011,5418.032954114784,48.5939718163772,56.1545138614322
543,Uruguay,2012,5738.777513586868,46.3742560180793,58.716215778109714
544,United States,2010,16820.865973337084,7.47892778490904,84.14449790996571
545,United States,2011,17290.33298451621,8.18544254711103,83.68643615698409
546,United States,2012,17849.13339714998,7.91839642846153,83.70897874737459
547,Uzbekistan,2010,1151.6469655223136,2.6363345147039903,97.84426505594459
548,Uzbekistan,2011,1207.9360543263808,2.2401467333638,98.1433755046007
549,Uzbekistan,2012,1266.3800654138502,2.37391619326812,98.01140758764221
550,St. Vincent and the Grenadines,2010,2771.353207519505,5.2358652750404815,94.76413472495952
551,St. Vincent and the Grenadines,2011,2755.73189327877,5.1345171030853605,94.86548289691464
552,St. Vincent and the Grenadines,2012,2807.4806551646325,5.185191189062921,94.81480881093708
553,Venezuela,2010,5221.674995619299,10.3240143332818,90.202100364732
554,Venezuela,2011,4279.794845867328,12.3562603102179,88.69583426814579
555,Venezuela,2012,4952.506922606006,11.197541313112199,89.7246026767495
556,Vietnam,2010,1139.6317526873756,34.7958989351442,70.3281775071395
557,Vietnam,2011,1209.8282842564183,35.52946562595871,69.5168445601794
558,Vietnam,2012,1280.957368833983,35.5792424877634,69.4619048944349
559,Vanuatu,2010,1682.2007271120808,39.1407851557651,60.8592148442349
560,World,2010,3850.8891530363417,17.7783621706898,80.8805909704758
561,World,2011,4150.2100640758335,17.869953507141894,81.2730255801158
562,World,2012,4181.032011761909,18.12471667112,81.34006500388209
563,Samoa,2010,1870.99699811772,26.4578249070031,73.5421750929969
564,Samoa,2011,2049.0884212729175,23.152074211029397,76.8479257889706
565,Samoa,2012,2114.0136612228694,24.80494955901625,75.19505044098375
566,Yemen,2010,1127.607523667579,0.836404324876501,98.79699941550159
567,Yemen,2011,1118.817456152512,0.988630663730807,98.51510955845059
568,Yemen,2012,1121.4537901065357,1.00075568537744,98.47997044234509
569,South Africa,2010,3151.450339904694,16.882196564559802,87.5144413105238
570,South Africa,2011,3382.386967308998,17.1091514799534,87.08589904365982
571,South Africa,2012,3220.08543802195,16.9338140808662,86.9663471362664
572,Dem. Rep. Congo,2010,792.7146807768542,96.84401237512371,3.20888929606774
573,Dem. Rep. Congo,2011,806.2230961320748,96.2616685405722,3.82857343284459
574,Dem. Rep. Congo,2012,820.1868922250923,95.9568960827503,4.12581404840678
575,Zambia,2010,1174.1701266129487,91.8009806576372,7.54227617474092
576,Zambia,2011,1240.9824947042805,90.4550195613109,8.60280407659817
577,Zambia,2012,1252.3271137085967,88.1521280758613,10.411087336811098
578,Zimbabwe,2010,911.2811180354162,77.7953595323635,26.6908078991735
579,Zimbabwe,2011,943.7189250520191,75.7740041989035,28.372194326524898
580,Zimbabwe,2012,972.1569223886555,75.6025323245236,28.9468184237301
