,CountryCode,ShortName,GDP,Life expectancy,Enrollment primary education,Enrollment secondary education,Enrollment tertiary education,Renewable energy consumption,Fossil fuel energy consumption,Year
0,ABW,Aruba,24289.141516132597,74.95353658536591,113.728660583496,95.83605194091801,37.3517189025879,5.472760428860179,,2010
1,ABW,Aruba,25353.787544644103,75.0813902439024,105.219398498535,97.0151214599609,38.737621307373,5.66206401405908,,2011
2,ABW,Aruba,,75.205756097561,104.062759399414,111.174522399902,37.7611312866211,,,2012
3,ADO,Andorra,39639.386021211,,,,,,,2010
4,ADO,Andorra,41630.0525792976,,,,,,,2011
5,ADO,Andorra,39666.3692147448,,,,,,,2012
6,AFG,Afghanistan,569.940728793286,58.970829268292704,99.3988189697266,50.1814994812012,,15.1715175144124,,2010
7,AFG,Afghanistan,622.379654358451,59.327951219512215,97.4010162353516,51.77017974853521,3.74394011497498,10.807524891266699,,2011
8,AFG,Afghanistan,690.8426290149561,59.67960975609761,103.94474792480499,54.038238525390604,,,,2012
9,AGO,Angola,3928.8245135436296,50.654170731707296,123.83676147460899,31.313989639282198,,57.2750449010808,39.6231118028568,2010
10,AGO,Angola,5053.7386489293,51.0593170731707,140.453704833984,31.5163898468018,7.49503993988037,57.703080525119994,38.7762231544854,2011
11,AGO,Angola,5531.77629869671,51.464,,,,57.175269970632286,38.9047614213091,2012
12,ALB,Albania,4094.3588320382396,76.97851219512201,,,43.5615310668945,37.18621254807261,63.0060071058106,2010
13,ALB,Albania,4437.81199900225,77.16321951219508,,,47.74272155761721,36.152322248187396,61.76574819600221,2011
14,ALB,Albania,4247.48543681502,77.35046341463409,,,55.5009613037109,38.2218347471341,59.3713080107761,2012
15,ARB,Arab World,5955.0647563846605,70.0030169216615,99.2714080810547,69.1984100341797,24.9440593719482,5.802544951822821,96.3573934062905,2010
16,ARB,Arab World,6911.56685935063,70.2193474619285,99.0228118896484,71.6562271118164,24.6085605621338,5.6646016909064505,96.51452377434792,2011
17,ARB,Arab World,7465.145863912049,70.4289908434045,100.747459411621,72.5493087768555,25.9841194152832,4.6443757030718205,96.2101531035948,2012
18,ARE,United Arab Emirates,34341.9112921486,76.67524390243901,112.71839141845699,,,0.139800814197871,99.9035185366592,2010
19,ARE,United Arab Emirates,39901.2209155518,76.85119512195119,110.88981628417999,,,0.141917439831288,99.89937134284521,2011
20,ARE,United Arab Emirates,41712.1242109135,77.0241463414634,108.328399658203,,,0.133041001442044,99.9052535796254,2012
21,ARG,Argentina,11198.642566685901,75.48497560975609,118.434768676758,90.22608184814449,74.8296585083008,8.960670110803651,89.51248386063509,2010
22,ARG,Argentina,13392.9169036445,75.64904878048779,117.565986633301,91.93817138671879,78.626106262207,8.95107637128109,89.6429655412694,2011
23,ARG,Argentina,14357.4115893903,75.816243902439,123.746459960938,107.28875732421899,80.3078079223633,8.772578263328219,89.80422866834152,2012
24,ARM,Armenia,3124.78401786195,74.2263414634146,,,50.6244697570801,9.36341748972634,67.3991814026011,2010
25,ARM,Armenia,3417.1718359991496,74.3428292682927,,,51.00141906738279,8.01900315689258,71.5412624263733,2011
26,ARM,Armenia,3565.5175749254,74.45209756097559,,,46.04359054565421,6.56787286973008,77.3316937320935,2012
27,ASM,American Samoa,,,,,,,,2010
28,ASM,American Samoa,,,,,,,,2011
29,ASM,American Samoa,,,,,,,,2012
30,ATG,Antigua and Barbuda,13017.310387548701,75.30878048780491,103.39949035644501,106.22010040283199,16.2319602966309,,,2010
31,ATG,Antigua and Barbuda,12817.841573309399,75.4660243902439,100.677047729492,106.11654663085899,14.3683595657349,,,2011
32,ATG,Antigua and Barbuda,13525.616220134,75.6218048780488,97.8928604125977,105.393508911133,23.4862403869629,,,2012
33,AUS,Australia,51845.6548605562,81.6951219512195,104.431381225586,130.844253540039,79.771629333496,7.15970778869288,95.0724797361545,2010
34,AUS,Australia,62216.5471294133,81.89512195121951,104.417198181152,133.045074462891,83.243408203125,7.477579185657411,94.846151997498,2011
35,AUS,Australia,67646.1038529626,82.04634146341459,104.83840179443399,135.53543090820298,86.3340911865234,8.44266614733211,94.39264051271641,2012
36,AUT,Austria,46659.840818134406,80.58048780487809,100.15052032470699,98.54810333251949,68.7215194702148,31.3980513617781,70.1076611774773,2010
37,AUT,Austria,51123.561329166296,80.9829268292683,100.377090454102,97.9698486328125,70.99989318847659,31.459278040352398,69.0310165506824,2011
38,AUT,Austria,48324.2540367606,80.9365853658537,101.207847595215,97.6903610229492,72.4360580444335,34.450599214459096,66.6567943619979,2012
39,AZE,Azerbaijan,5842.805783585761,70.4502926829268,93.76229858398442,98.80386352539058,19.2600402832031,4.449733916110031,96.93249161408221,2010
40,AZE,Azerbaijan,7189.69122920765,70.5512926829268,95.573631286621,99.5238418579102,19.647310256958,3.5563305560703795,97.8625715488742,2011
41,AZE,Azerbaijan,7393.77187697623,70.62495121951221,97.9553070068359,100.268608093262,20.4384593963623,2.8455217297110296,98.47670156655079,2012
42,BDI,Burundi,214.230990840075,54.8291951219512,135.123107910156,23.148790359497102,3.16599011421204,96.855982963671,,2010
43,BDI,Burundi,240.614483459126,55.312024390243906,139.158203125,25.9621505737305,3.00311994552612,96.64631982553641,,2011
44,BDI,Burundi,244.19648623151002,55.7892926829268,137.4150390625,28.497999191284197,3.72432994842529,,,2012
45,BEL,Belgium,44282.5493214554,80.2341463414634,104.04486083984399,105.07527160644501,67.520881652832,5.18756007288327,73.70715198744641,2010
46,BEL,Belgium,47699.8070518961,80.5853658536585,103.667930603027,106.46234130859399,69.2604827880859,5.46170735535216,68.8622825962735,2011
47,BEL,Belgium,44731.2194794638,80.3853658536585,103.355331420898,107.261611938477,70.8275527954102,7.38454222614672,69.1293681458818,2012
48,BEN,Benin,732.9536227266742,58.7297073170732,116.28954315185499,,13.260009765625,51.5493723622777,41.5541857358705,2010
49,BEN,Benin,799.0355591314301,58.9329024390244,118.607521057129,47.6814994812012,12.365119934082001,51.1920440498255,41.8098074461241,2011
50,BEN,Benin,807.6884510172321,59.1219756097561,122.76612091064501,,,50.567384139342096,42.3707141842762,2012
51,BFA,Burkina Faso,574.458089293656,57.0513902439024,78.3554229736328,21.894510269165,3.5795900821685804,83.685211868941,,2010
52,BFA,Burkina Faso,665.807446693793,57.492048780487785,82.238426208496,23.817480087280305,4.14663982391357,80.0100589387548,,2011
53,BFA,Burkina Faso,673.0267834254071,57.879317073170704,84.96495056152341,25.922910690307607,4.56077003479004,,,2012
54,BGD,Bangladesh,760.3319352001952,70.0802926829268,104.461738586426,49.8884696960449,,41.026906552831896,71.3989782150986,2010
55,BGD,Bangladesh,838.547801702232,70.4719512195122,114.202362060547,50.79389953613279,13.152819633483901,39.5537384758395,72.04490822248908,2011
56,BGD,Bangladesh,858.933362587621,70.8602682926829,,53.6488914489746,13.2279300689697,38.2997229747086,72.99875222955579,2012
57,BGR,Bulgaria,6752.552177748821,73.5121951219512,103.201820373535,90.4384918212891,57.992950439453104,14.368109565090199,73.202076253634,2010
58,BGR,Bulgaria,7750.03988003072,74.16341463414629,100.92662811279301,93.2321624755859,59.6252288818359,13.275559169121099,75.0209328798813,2011
59,BGR,Bulgaria,7333.355073039449,74.31463414634149,99.52832794189449,93.11093139648442,62.6964797973633,15.7507407035973,72.1610978832518,2012
60,BHR,Bahrain,20386.0175551115,76.1275609756098,,96.436668395996,,,99.8804916419645,2010
61,BHR,Bahrain,22238.7119502059,76.2678536585366,,101.490303039551,36.5516395568848,,99.9172808411237,2011
62,BHR,Bahrain,23063.132287042597,76.4076341463415,,,33.4565811157227,,,2012
63,BHS,The Bahamas,21920.516586758302,74.5923902439024,107.962890625,92.8586883544922,,1.5886077659666598,,2010
64,BHS,The Bahamas,21514.8986531628,74.7544146341464,,,,1.60849937776162,,2011
65,BHS,The Bahamas,22112.608354726803,74.9144634146342,,,,,,2012
66,BIH,Bosnia and Herzegovina,4392.4951719295,75.8076829268293,,,,19.5627091983836,91.604151461716,2010
67,BIH,Bosnia and Herzegovina,4779.6595711950295,75.9629268292683,,,,14.1625241678656,93.94577614389692,2011
68,BIH,Bosnia and Herzegovina,4415.92359172449,76.12017073170729,,,,15.274358961597901,91.9302694773105,2012
69,BLR,Belarus,5818.8548592157995,70.4048780487805,103.408348083496,106.960273742676,78.994140625,7.016370880922611,91.9883609410177,2010
70,BLR,Belarus,6305.773662476529,70.5536585365854,101.203399658203,106.30275726318399,85.6971206665039,7.37848466775092,91.3924705961574,2011
71,BLR,Belarus,6721.8349077396815,71.9658536585366,99.1326065063477,106.363739013672,91.4524688720703,7.249394130804879,91.04727046310431,2012
72,BLZ,Belize,4344.136669060879,69.7820487804878,120.61302947997999,80.5227279663085,22.5795001983643,26.9344129004042,,2010
73,BLZ,Belize,4517.12399716883,69.8436829268293,118.818641662598,81.1442413330078,22.863380432128896,26.8002952634995,,2011
74,BLZ,Belize,4674.29337673407,69.9051463414634,120.78366851806601,84.0122528076172,25.787969589233303,,,2012
75,BMU,Bermuda,88207.3275597322,79.2885365853658,92.2838897705078,78.7241592407227,29.816730499267607,,,2010
76,BMU,Bermuda,85973.158416455,81.1526829268293,89.83261108398442,77.1428604125977,31.1654396057129,,,2011
77,BMU,Bermuda,85458.455507886,81.6778048780488,87.50518798828129,75.28070068359379,30.8026008605957,,,2012
78,BOL,Bolivia,1981.1601052570104,66.40775609756099,98.0042266845703,77.5375900268555,,33.5383341388364,71.64524284050059,2010
79,BOL,Bolivia,2377.70068972888,66.9425609756098,94.45384979248051,77.2704620361328,,32.6775903791362,71.67500066581091,2011
80,BOL,Bolivia,2645.29027433174,67.4454634146341,92.0059432983398,78.1713790893555,,27.9853059719218,77.016608981501,2012
81,BRA,Brazil,11124.2457796398,73.2641463414634,,,,47.0080898079932,53.48535997937671,2010
82,BRA,Brazil,13042.4219326201,73.55234146341459,,,,45.470280030074996,54.566687937956495,2011
83,BRA,Brazil,11922.513057678201,73.8395853658537,,,,43.626512776382704,56.5464260388131,2012
84,BRB,Barbados,15901.4329353355,74.8452926829268,105.680709838867,101.499298095703,64.811912536621,8.814995675598151,,2010
85,BRB,Barbados,15530.8942915589,75.0081463414634,105.28556060791,104.66017913818399,60.8425216674805,9.47726964900658,,2011
86,BRB,Barbados,15317.1390013495,75.1710243902439,,,,,,2012
87,BRN,Brunei,31453.2243965354,77.5982682926829,101.023597717285,100.67981719970699,17.6038494110107,,,2010
88,BRN,Brunei,41787.0214028978,77.9323170731708,98.32408905029301,103.015167236328,19.722589492797894,0.0158307065371632,99.9956363279571,2011
89,BRN,Brunei,41807.6533410575,78.2525853658537,95.45850372314449,107.84619903564501,24.338689804077106,0.0147907958516751,99.9955731307156,2012
90,BTN,Bhutan,2201.2930777893603,67.8924146341463,110.489433288574,66.25247192382811,7.00696992874146,91.38449976190759,,2010
91,BTN,Bhutan,2485.78705216849,68.3231951219512,112.17575836181601,69.6934432983398,8.74055957794189,89.9623125596346,,2011
92,BTN,Bhutan,2452.15158793741,68.7229024390244,112.331871032715,73.9374694824219,9.4283103942871,,,2012
93,BWA,Botswana,6244.00257387272,63.4022926829268,,,16.9935894012451,24.1049180959398,66.3292822154581,2010
94,BWA,Botswana,7504.850907448979,63.951609756097604,,,17.907030105590803,24.5427801705814,64.7476932688676,2011
95,BWA,Botswana,6935.59365266593,64.22273170731711,108.166519165039,,,23.8516654375521,64.10676851293839,2012
96,CAF,Central African Republic,446.800204552837,47.6253170731707,93.7123489379883,,2.6120400428772004,79.8106143056122,,2010
97,CAF,Central African Republic,484.58321812200796,48.3504390243903,94.40875244140629,18.1766605377197,3.05465006828308,78.3746143693353,,2011
98,CAF,Central African Republic,469.684287056822,49.105292682926795,95.2019271850585,17.791889190673803,2.840859889984129,,,2012
99,CAN,Canada,47463.631192364905,80.89348780487809,98.6534881591797,102.348159790039,,20.6560972863199,74.3884977273915,2010
100,CAN,Canada,52086.53352462701,81.0683170731707,98.3009185791016,103.404747009277,,20.6911805749275,73.5312242688377,2011
101,CAN,Canada,52733.473689010185,81.2380487804878,99.0966262817383,111.20378112792999,,20.5987217759522,73.3954920199198,2012
102,CEB,Central Europe and the Baltics,12546.047643268,75.29534872880002,99.426902770996,96.52661895751949,65.63916015625,13.487770469698804,80.3034206030738,2010
103,CEB,Central Europe and the Baltics,13869.2476850388,75.93690749791459,99.19476318359379,97.2688522338867,64.4702987670898,13.613852465098699,80.2035807265998,2011
104,CEB,Central Europe and the Baltics,12981.647066105601,76.02213083516271,99.5027618408203,97.2472381591797,64.6060104370117,14.564339670452002,78.64887592432801,2012
105,CHE,Switzerland,74277.12051255669,82.24634146341471,102.515487670898,95.79712677001949,52.757228851318395,21.200906559005197,51.5655992428555,2010
106,CHE,Switzerland,88002.6095703805,82.6951219512195,102.86888885497999,96.18762969970699,54.33826828002921,21.310707841763602,50.4146823266065,2011
107,CHE,Switzerland,83208.68654235,82.6975609756098,102.794242858887,96.3063812255859,55.56190109252921,22.6829471706078,50.9328928838729,2012
108,CHI,Channel Islands,,80.0103658536585,,,,,,2010
109,CHI,Channel Islands,,80.16951219512201,,,,,,2011
110,CHI,Channel Islands,,80.3186585365854,,,,,,2012
111,CHL,Chile,12785.051874948502,80.2758048780488,102.234619140625,89.12035369873051,65.9344329833984,26.967397615020598,77.61830203050259,2010
112,CHL,Chile,14582.1705192521,80.5869756097561,101.505828857422,89.8653564453125,70.51934814453129,28.722085377659198,76.7094207834565,2011
113,CHL,Chile,15253.330825961999,80.89485365853659,101.21813201904301,89.01062774658199,74.391990661621,30.2726133007203,70.0294987422752,2012
114,CHN,China,4514.9405201338,74.8850243902439,128.85510253906298,83.12876892089841,23.321529388427702,19.0791252999497,87.7723560713829,2010
115,CHN,China,5574.18709336902,75.042,127.949676513672,86.6121978759766,24.3284091949463,18.016482523578894,88.41866488647209,2011
116,CHN,China,6264.64387793993,75.199512195122,127.85205078125,88.97799682617192,26.7000007629395,18.362548391687,88.234699853205,2012
117,CIV,Côte d'Ivoire,1236.08519806872,50.1514634146342,,,8.35914993286133,75.4242067587347,22.7830064449964,2010
118,CIV,Côte d'Ivoire,1231.8678340517301,50.5172195121951,89.96019744873051,,,79.31484698330999,20.5662443281185,2011
119,CIV,Côte d'Ivoire,1281.38286516731,50.8633414634146,94.2182083129883,,4.46391010284424,74.3988993949229,24.5310091482901,2012
120,CMR,Cameroon,1147.24234678519,53.6948292682927,106.038429260254,,11.0224199295044,78.6042373329337,31.1639633691221,2010
121,CMR,Cameroon,1258.92465066853,54.1373658536585,105.73298645019501,47.1884918212891,11.906749725341802,78.44117950798899,27.569543832972602,2011
122,CMR,Cameroon,1222.19214220436,54.587512195122,110.615028381348,50.3778686523438,,78.11013984318001,27.926525845689607,2012
123,COG,Congo,2953.1850078767493,59.1431219512195,111.16903686523399,,,50.14363781116121,45.2189345932452,2010
124,COG,Congo,3453.2212288564697,60.085170731707294,111.64981079101601,,9.064629554748539,49.544628062836,48.3333899893069,2011
125,COG,Congo,3191.1642988109397,60.9239024390244,109.415809631348,53.66316986083979,10.3644399642944,48.1863066589929,47.92390359924401,2012
126,COL,Colombia,6250.65449979147,73.2778536585366,114.91374206542999,95.96434783935551,38.9917488098145,27.9315336623273,76.95310386804441,2010
127,COL,Colombia,7227.770829556441,73.4548048780488,,97.0625686645508,42.7413215637207,26.417741743692602,75.71843547803951,2011
128,COL,Colombia,7885.061292302141,73.63078048780491,,92.8147430419922,45.0190315246582,26.2744366573836,75.5845145477952,2012
129,COM,Comoros,739.897790576235,61.830512195122004,,,6.3469099998474094,50.2037933798067,,2010
130,COM,Comoros,790.568095579413,62.212756097561,106.16126251220699,,8.95119953155518,46.849450137442204,,2011
131,COM,Comoros,750.314608600501,62.5829756097561,,,9.855730056762699,,,2012
132,CPV,Cabo Verde,3393.92749190379,72.59790243902441,111.12950897216801,87.7602081298828,17.9768905639648,27.623550534186894,,2010
133,CPV,Cabo Verde,3766.1116544232395,72.7095609756098,111.538772583008,90.4087295532227,20.6205997467041,21.2017319913292,,2011
134,CPV,Cabo Verde,3497.69114086984,72.82821951219509,111.951400756836,92.73877716064449,20.6095504760742,,,2012
135,CRI,Costa Rica,7985.951035327321,78.73604878048779,109.458793640137,99.35968017578129,,42.31266694385421,47.515024698768904,2010
136,CRI,Costa Rica,8963.68005199176,78.8901707317073,107.104507446289,101.106147766113,44.4502487182617,40.5023101876756,48.263918128152504,2011
137,CRI,Costa Rica,9733.39693054024,79.0535365853659,105.32769775390601,103.611976623535,46.7409591674805,38.6240329941807,47.82845245017921,2012
138,CSS,Caribbean small states,8699.510835444009,71.3849238773967,95.7360000610352,90.9215927124023,21.8479309082031,8.46895826369876,97.8990523592732,2010
139,CSS,Caribbean small states,9373.26121985724,71.5720628770668,96.3439407348633,91.07675170898442,21.697679519653306,9.461185822632087,97.7286444320038,2011
140,CSS,Caribbean small states,9586.92289361759,71.7435544225327,96.6515579223633,87.6915130615234,23.062129974365202,5.2394384460948,97.66924809547159,2012
141,CUB,Cuba,5688.66673216525,78.9356341463415,102.491050720215,89.23651123046879,95.0022811889648,17.301865431970903,88.77548254151242,2010
142,CUB,Cuba,6092.61390179952,79.039512195122,100.855628967285,89.9994964599609,80.2958526611328,19.5278621003757,86.7445848409268,2011
143,CUB,Cuba,6448.155635143199,79.1416097560976,99.3229598999023,90.2013702392578,62.451301574707,18.8740932571624,86.51515150183849,2012
144,CUW,Curaçao,,,,,,,,2010
145,CUW,Curaçao,,77.4731707317073,,,,,,2011
146,CUW,Curaçao,,,,,,,,2012
147,CYM,Cayman Islands,,,,,,,,2010
148,CYM,Cayman Islands,,,,,,,,2011
149,CYM,Cayman Islands,,,,,,,,2012
150,CYP,Cyprus,30438.900194806094,79.3819512195122,101.62432861328101,91.44080352783199,48.311580657959006,6.3532230485388,95.3906538183929,2010
151,CYP,Cyprus,31836.6195112171,79.571512195122,101.200538635254,92.82562255859379,46.539730072021506,7.41574686134132,94.89409483366569,2011
152,CYP,Cyprus,28868.273816164503,79.7622682926829,100.175346374512,95.2998504638672,45.863590240478494,8.36186119085652,94.18066654120192,2012
153,CZE,Czech Republic,19763.963798473702,77.42439024390251,105.752807617188,94.4999313354492,63.2122192382813,9.49242779015241,79.6752917186849,2010
154,CZE,Czech Republic,21656.9414181786,77.87317073170729,102.219581604004,96.01708221435551,64.583641052246,10.236926685531198,78.71749749664349,2011
155,CZE,Czech Republic,19640.928659703797,78.07560975609759,100.358413696289,96.5520477294922,64.1733779907227,10.9261400017188,76.74858692023591,2012
156,DEU,Germany,41788.0447853084,79.9878048780488,101.51911926269501,101.563522338867,,10.604494570737598,79.38258800126441,2010
157,DEU,Germany,45936.081259852304,80.7414634146342,100.760879516602,101.721298217773,,11.5781786333815,80.2619025303659,2011
158,DEU,Germany,44010.9313869814,80.8926829268293,100.460411071777,101.266403198242,,12.384080025671699,80.4054027396733,2012
159,DJI,Djibouti,1358.46050004911,60.3606829268293,,,3.4069700241088903,34.4333386851789,,2010
160,DJI,Djibouti,1472.01420497368,60.850560975609795,67.42501831054689,39.7239189147949,4.91984987258911,34.4441895634032,,2011
161,DJI,Djibouti,1586.78013328429,61.2959756097561,69.53878784179689,43.8271789550781,,,,2012
162,DMA,Dominica,6937.2560836301,,108.81134033203101,96.9340972900391,,8.88422013371425,,2010
163,DMA,Dominica,7023.35342821604,,114.04148101806601,96.7295989990234,,11.5508478042034,,2011
164,DMA,Dominica,6768.294415640439,,119.01213073730499,,,,,2012
165,DNK,Denmark,57647.668762065,79.1,99.5539932250977,119.50733184814501,73.5818099975585,21.2844587578086,78.27421767139249,2010
166,DNK,Denmark,61304.0612046553,79.8,100.80246734619101,122.80119323730499,76.8011474609375,23.952307126784,74.790271898714,2011
167,DNK,Denmark,57636.1253095393,80.05121951219509,101.266723632813,124.65927124023399,79.5976333618164,27.563600720041,70.6381501087633,2012
168,DOM,Dominican Republic,5441.96574879171,72.7498048780488,106.990333557129,75.45050048828129,,13.308403217469099,89.52041927039909,2010
169,DOM,Dominican Republic,5820.396299625971,72.94529268292679,105.455062866211,75.1019287109375,,13.201628082430199,89.66665313304871,2011
170,DOM,Dominican Republic,5967.0009840552,73.1353170731707,102.63899230957001,75.9074401855469,46.3773612976074,13.192353574874,89.43299088537407,2012
171,DZA,Algeria,4473.48644568115,73.80404878048779,113.322723388672,95.39151000976558,28.7582492828369,0.257181978405563,99.8479387243765,2010
172,DZA,Algeria,5447.4039755656895,74.07,115.48494720459,97.60729217529301,30.275470733642607,0.17993919704811898,99.8875680890448,2011
173,DZA,Algeria,5583.61615950131,74.32409756097559,117.40773773193399,,31.4641094207764,0.190373797304754,99.8600160655137,2012
174,EAP,East Asia & Pacific (developing only),3980.06881538386,73.1884378044482,118.945510864258,78.6811599731445,24.3546295166016,21.6221779189952,85.1187986261969,2010
175,EAP,East Asia & Pacific (developing only),4828.51441819376,73.346098770343,118.31153106689501,81.2937088012695,25.602319717407198,20.7808696077444,85.7416038034309,2011
176,EAP,East Asia & Pacific (developing only),5346.8108203547,73.5034056080703,118.205276489258,83.01361083984379,27.764009475707997,20.8694981370519,85.6795687810726,2012
177,EAS,East Asia & Pacific (all income levels),7550.87816592932,74.1318895358278,117.593803405762,80.4391632080078,27.3637199401855,17.8363666539024,84.854078615622,2010
178,EAS,East Asia & Pacific (all income levels),8685.16186317834,74.26716887602021,117.066200256348,82.935417175293,28.712099075317397,17.3721339281465,86.29969017644041,2011
179,EAS,East Asia & Pacific (all income levels),9241.17803473271,74.44456990860641,116.968032836914,84.6550369262695,30.875080108642607,17.5802666493755,86.73035520968959,2012
180,ECA,Europe & Central Asia (developing only),5949.917297212492,71.5643786926977,99.31967163085942,92.100242614746,47.914791107177706,9.903065010734027,86.76750035215728,2010
181,ECA,Europe & Central Asia (developing only),6616.604326311441,71.95186151177991,99.2621383666992,93.63500213623051,49.05509948730471,8.81604026101828,87.56726196474398,2011
182,ECA,Europe & Central Asia (developing only),6719.63403432164,72.2071262579513,98.7173080444335,93.1581802368164,51.6298217773438,9.10675804075376,87.22967639024903,2012
183,ECS,Europe & Central Asia (all income levels),23416.3128251682,75.846929030925,101.97020721435499,98.21056365966801,61.1079788208008,10.6771845697135,80.36395417642791,2010
184,ECS,Europe & Central Asia (all income levels),25681.2204329769,76.38335085151641,101.790702819824,99.0292205810547,62.1665115356445,10.666039863691301,80.3054301571528,2011
185,ECS,Europe & Central Asia (all income levels),24589.6006482957,76.5693678777299,101.57521820068399,99.26651000976558,63.1270904541016,11.3429435120193,79.87294946530321,2012
186,ECU,Ecuador,4657.30173745799,75.02980487804881,114.280830383301,85.19097900390629,,11.929304634258001,89.57949574768091,2010
187,ECU,Ecuador,5223.3775749014285,75.2264390243903,114.70378112792999,85.11724853515629,,13.2200206810377,88.2757994431629,2011
188,ECU,Ecuador,5702.168287893771,75.433,113.55574798584,86.84072875976558,40.514320373535206,13.373407137408199,88.31464021482391,2012
189,EGY,Egypt,2668.03598826159,70.3402926829268,112.26042175292999,75.8625793457031,33.4680595397949,5.67095665934992,96.310822041005,2010
190,EGY,Egypt,2816.66694347778,70.5333170731707,108.62066650390601,85.553352355957,28.7532005310059,5.518388318635041,96.46974120305859,2011
191,EGY,Egypt,3068.1938834546004,70.7291463414634,113.42067718505899,86.3003692626953,30.056020736694304,5.4994256110512,96.3716620249797,2012
192,EMU,Euro area,37602.5619138783,80.74824622433609,104.553909301758,106.848419189453,64.80557250976561,12.5685279533874,73.0302480087043,2010
193,EMU,Euro area,40429.6680873436,81.3030711843089,103.821189880371,107.632362365723,66.719970703125,12.994308992216,72.263192042825,2011
194,EMU,Euro area,37586.5934899906,81.3121195418788,102.995147705078,107.60382080078101,67.3510284423828,14.1219701799378,71.6599937127914,2012
195,ERI,Eritrea,451.426692978846,61.46614634146339,,,2.03361010551453,81.2465788707768,21.970131452233602,2010
196,ERI,Eritrea,544.462431141676,62.0693658536585,,,,80.7803657418306,21.682701839697,2011
197,ERI,Eritrea,,62.644975609756095,,,,80.42189716864809,22.1283843145524,2012
198,ESP,Spain,30737.832270838506,81.62682926829271,105.478340148926,124.63086700439501,78.0862808227539,14.403389265798197,76.0791913211814,2010
199,ESP,Spain,31832.2380807085,82.4756097560976,104.356430053711,128.51477050781298,82.6155471801758,14.749767075397699,76.58020659014142,2011
200,ESP,Spain,28647.835242689198,82.4268292682927,102.91455078125,130.806716918945,84.56585693359379,15.7452779323123,75.02599055544191,2012
201,EST,Estonia,14641.403144374199,75.4292682926829,98.4494781494141,109.11431884765601,71.65113830566409,25.1298836575445,20.574857771559106,2010
202,EST,Estonia,17453.7537611724,76.2292682926829,97.6579437255859,109.3740234375,74.705451965332,24.9835412164041,18.877978115761106,2011
203,EST,Estonia,17490.9931300409,76.3268292682927,98.10784912109379,107.062240600586,76.68409729003909,24.9085515162449,19.559749384490896,2012
204,ETH,Ethiopia,341.85895616943003,61.296121951219504,,,,94.44462142670099,4.81747785136399,2010
205,ETH,Ethiopia,355.588991513187,62.0830243902439,,,,93.98468297045478,5.14811235158795,2011
206,ETH,Ethiopia,469.792303889824,62.7935365853659,,,,93.4906201930365,5.51794324050673,2012
207,EUU,European Union,33594.9711318351,79.7259224519391,103.89005279541,104.689033508301,64.607177734375,12.572331212831301,75.13567576760809,2010
208,EUU,European Union,36244.4395516841,80.2996943439496,103.392036437988,104.262138366699,65.6714401245117,13.0818638664884,74.23311898164509,2011
209,EUU,European Union,34147.481949065696,80.3137194650473,103.21012878417999,104.09265899658199,66.17327880859379,14.1364932003583,73.4010229450847,2012
210,FCS,Fragile and conflict affected situations,1378.9216024848404,60.6539816994586,99.1433792114258,45.3895492553711,11.3857097625732,48.6031764877715,64.1102114825457,2010
211,FCS,Fragile and conflict affected situations,1429.73581027645,61.041033331129896,100.27307891845699,46.1726684570313,11.497200012207001,49.337752404035705,61.5754737025847,2011
212,FCS,Fragile and conflict affected situations,1603.8500804889902,61.4139366591297,102.36418151855499,46.8828201293945,11.582389831542999,44.8634448209425,62.438785606089,2012
213,FIN,Finland,46205.16601118549,79.87073170731709,99.0603713989258,107.199562072754,94.05499267578129,33.517270330549,48.95682348953179,2010
214,FIN,Finland,50787.564982853095,80.4707317073171,99.4349517822266,107.478218078613,95.5366668701172,35.1273844891188,46.6461755429236,2011
215,FIN,Finland,47415.5598711351,80.62682926829271,100.140151977539,107.675582885742,93.7218170166016,39.1158770869893,42.092800589199,2012
216,FJI,Fiji,3651.9582906354,69.3843658536586,,,,10.910911957258199,,2010
217,FJI,Fiji,4351.919334124071,69.565,104.51312255859399,90.47167205810551,,12.2221321370606,,2011
218,FJI,Fiji,4550.26709452374,69.7432195121951,104.643798828125,88.25067138671879,,,,2012
219,FRA,France,40705.7662299421,81.66341463414629,108.082641601563,109.963989257813,56.063438415527294,12.1825851406197,49.8491373096311,2010
220,FRA,France,43807.4759032413,82.1146341463415,108.00544738769501,109.928993225098,57.063899993896506,11.3047732278128,48.4269574324803,2011
221,FRA,France,40850.3523734948,81.9682926829268,107.323417663574,109.70928955078101,58.304901123046896,12.5887942241418,48.7252996968223,2012
222,FRO,Faeroe Islands,47381.522762496905,80.64390243902442,,,,,,2010
223,FRO,Faeroe Islands,50910.4340505074,80.84634146341459,,,,,,2011
224,FRO,Faeroe Islands,48695.1711837983,81.0975609756098,,,,,,2012
225,FSM,Micronesia,2838.4485470811305,68.6122682926829,,,,,,2010
226,FSM,Micronesia,2998.64219722448,68.73100000000001,,,,,,2011
227,FSM,Micronesia,3147.67920215769,68.8507073170732,,,,,,2012
228,GAB,Gabon,9312.04946268888,62.1208292682927,,,,68.3401897363709,40.7108626651601,2010
229,GAB,Gabon,11530.147201073101,62.7050975609756,164.858444213867,,,68.2558799445939,41.382774829472,2011
230,GAB,Gabon,10642.4322523013,63.2807317073171,,,,69.5713728500493,40.7263993881202,2012
231,GBR,United Kingdom,38292.871131358304,80.4024390243902,106.933799743652,106.238380432129,60.507961273193395,3.2313177420432995,88.2733499684055,2010
232,GBR,United Kingdom,41020.3769643089,80.9512195121951,106.88491821289101,97.37734985351558,61.1668281555176,4.10731876467802,85.61935333604642,2011
233,GBR,United Kingdom,41294.5148008666,80.9048780487805,108.526176452637,95.4163589477539,61.8809585571289,4.35069563220353,85.15753330578171,2012
234,GEO,Georgia,2613.75692472768,73.6747317073171,109.268699645996,,28.263229370117198,40.1223222232354,64.7033446252482,2010
235,GEO,Georgia,3219.6058711034602,73.80978048780491,106.988731384277,,30.0835399627686,31.5376625508255,72.76506637151292,2011
236,GEO,Georgia,3528.73151084976,73.9448780487805,106.11898803710899,,27.933519363403306,28.692621893000197,74.4628232768799,2012
237,GHA,Ghana,1323.09914056856,60.6099756097561,,,,56.6273746995965,39.389165896959895,2010
238,GHA,Ghana,1587.1908727476098,60.808,106.73523712158199,57.090789794921896,12.079629898071301,53.4991253045253,40.794255386357705,2011
239,GHA,Ghana,1641.82592182439,60.977024390243905,109.917251586914,58.187801361084006,12.1991300582886,49.487521932051294,43.641853265586796,2012
240,GIN,Guinea,430.05647385910004,56.305048780487795,86.3597412109375,,10.2789001464844,77.2285011374991,,2010
241,GIN,Guinea,447.7909892855009,57.000536585365886,89.3043670654297,38.0739517211914,10.4314498901367,76.3215213851067,,2011
242,GIN,Guinea,487.345714209237,57.6376341463415,90.832176208496,38.1347618103027,9.93175983428955,,,2012
243,GMB,The Gambia,562.568166674662,59.3406097560976,85.1532974243164,57.487941741943395,,45.08914278208921,,2010
244,GMB,The Gambia,516.984254359493,59.5605853658537,82.4531478881835,,,48.834288700662,,2011
245,GMB,The Gambia,504.989013849171,59.7781463414634,85.2106170654297,,,,,2012
246,GNB,Guinea-Bissau,518.598360839748,53.81436585365851,116.22160339355499,,,88.78239072497429,,2010
247,GNB,Guinea-Bissau,659.48378002406,54.159414634146394,,,,88.6336059577989,,2011
248,GNB,Guinea-Bissau,559.2247519711099,54.503512195122006,,,,,,2012
249,GNQ,Equatorial Guinea,17441.0925450303,55.971000000000004,87.0697021484375,,,31.2768005113449,,2010
250,GNQ,Equatorial Guinea,22944.926289931802,56.4468292682927,87.3573684692383,,,29.8151424066013,,2011
251,GNQ,Equatorial Guinea,23278.2300613417,56.8902682926829,90.7297515869141,,,,,2012
252,GRC,Greece,26841.8554705027,80.3878048780488,102.873428344727,110.79567718505899,108.094581604004,11.1215262516397,90.36634837240368,2010
253,GRC,Greece,25872.013885225497,80.7317073170732,102.26648712158199,107.85671234130899,113.983360290527,11.124052861057699,90.82819577094541,2011
254,GRC,Greece,22146.9159183983,80.6341463414634,102.048126220703,108.54606628417999,116.621566772461,13.8954403683446,90.101625032647,2012
255,GRD,Grenada,7365.66653539866,72.5675121951219,103.374443054199,107.799026489258,,9.34845259908026,,2010
256,GRD,Grenada,7410.76111516485,72.7934146341464,,,,10.030135557277301,,2011
257,GRD,Grenada,7583.546304372559,73.0022682926829,,,,,,2012
258,GRL,Greenland,,70.8368292682927,,,,,,2010
259,GRL,Greenland,,71.0017073170732,,,,,,2011
260,GRL,Greenland,,,,,,,,2012
261,GTM,Guatemala,2805.9513923411605,70.77546341463409,116.47943115234399,64.59124755859379,,66.5854373184828,32.6603557483935,2010
262,GTM,Guatemala,3166.5825233682203,71.0104146341463,113.771629333496,65.1375579833984,,66.4174054652603,30.921072247740607,2011
263,GTM,Guatemala,3278.62908271453,71.2493902439025,107.90756225585899,65.28378295898439,,66.2195613497278,30.876157716716104,2012
264,GUM,Guam,,78.1008780487805,,,,,,2010
265,GUM,Guam,,78.3595853658537,,,,,,2011
266,GUM,Guam,,78.617512195122,,,,,,2012
267,GUY,Guyana,2998.94127424089,66.04270731707321,82.67259216308591,99.3938522338867,11.491310119628901,33.663856465925,,2010
268,GUY,Guyana,3408.72541887366,66.1291463414634,79.96595764160159,105.408042907715,12.171070098877001,36.1084556838633,,2011
269,GUY,Guyana,3759.37709495872,66.2172682926829,75.1120910644531,100.976463317871,12.910510063171401,,,2012
270,HIC,High income,34637.8659999641,78.42194586488279,102.552993774414,98.40728759765629,73.0481262207031,9.008233594290301,82.71404453056171,2010
271,HIC,High income,37309.6446401196,78.7395070820323,102.213150024414,98.98464965820308,74.7770080566406,9.410528179499721,83.1090884569631,2011
272,HIC,High income,37321.372221542995,78.92534852766521,102.349731445313,100.39917755127001,75.2095184326172,9.597753002019939,83.1489659524145,2012
273,HKG,"Hong Kong SAR, China",32549.998231121,82.9780487804878,97.6738128662109,87.1795501708984,57.835731506347706,0.8349001630248009,94.1622316034285,2010
274,HKG,"Hong Kong SAR, China",35142.4879344543,83.42195121951221,97.9001007080078,86.2210464477539,59.89669036865229,1.06513436699193,94.46197783754192,2011
275,HKG,"Hong Kong SAR, China",36707.7742282554,83.4804878048781,101.160430908203,105.61817169189501,60.1254005432129,1.0573136025489398,93.3294512745702,2012
276,HND,Honduras,2110.8220208871,72.3939756097561,115.30560302734399,73.2399597167969,20.5587997436523,53.13429448983521,51.186476788296396,2010
277,HND,Honduras,2323.75711462464,72.57273170731709,113.656196594238,73.783073425293,,53.9132038101431,51.296153988972215,2011
278,HND,Honduras,2395.07344192129,72.7550243902439,109.410713195801,73.089241027832,20.3979892730713,53.38615074681361,51.59029833311211,2012
279,HPC,Heavily indebted poor countries (HIPC),737.240765235793,58.648520635222,99.8106689453125,36.883449554443395,7.191870212554929,80.2948286671966,19.583249340270697,2010
280,HPC,Heavily indebted poor countries (HIPC),799.9821264492931,59.246080875681,99.922607421875,37.9229888916016,7.5170202255249,79.5173405823585,19.620859081527694,2011
281,HPC,Heavily indebted poor countries (HIPC),830.411465770609,59.7981248248856,101.102188110352,38.8497886657715,7.672969818115232,79.4813553420958,20.5653707757601,2012
282,HRV,Croatia,13509.1858157682,76.4756097560976,92.376609802246,98.3878707885742,55.83362960815421,19.4307060273165,81.9289185156779,2010
283,HRV,Croatia,14542.1775991872,76.7756097560976,94.38034057617192,97.9642181396484,58.805328369140604,17.2173333186891,81.5953158646396,2011
284,HRV,Croatia,13235.9775701749,76.92439024390241,96.82135009765629,98.42800903320308,61.6309585571289,19.9681308404715,79.1760766187254,2012
285,HTI,Haiti,662.279518162433,61.2401219512195,,,,79.0248407867626,17.774608838023102,2010
286,HTI,Haiti,740.947823017575,61.6451951219512,,,,79.00565048785408,17.9605584085342,2011
287,HTI,Haiti,766.8722334253349,62.033390243902396,,,,83.090350574474,18.1574430415316,2012
288,HUN,Hungary,13009.3453790731,74.2073170731707,102.098182678223,99.9496307373047,60.3774909973145,9.05342582385858,74.2662531462368,2010
289,HUN,Hungary,14032.774263336201,74.85853658536591,101.107597351074,100.770668029785,59.506130218505895,9.642452906144301,73.3366030578705,2011
290,HUN,Hungary,12819.712058803201,75.0634146341463,100.236763000488,101.61882019042999,59.6310806274414,10.185499566551,71.51698559694191,2012
291,IDN,Indonesia,3125.21993359966,68.1471951219512,109.92465209960899,78.4263076782227,24.885629653930696,37.8401641128113,66.6888811203797,2010
292,IDN,Indonesia,3647.626621811429,68.33439024390239,109.09822082519501,81.162727355957,27.2045497894287,38.4507992252419,65.4254427246718,2011
293,IDN,Indonesia,3700.52353809447,68.51956097560979,108.52625274658199,82.538932800293,31.5122604370117,37.0628533793735,66.4590760881079,2012
294,IMY,Isle of Man,,,,,,,,2010
295,IMY,Isle of Man,,,,,,,,2011
296,IMY,Isle of Man,,,,,,,,2012
297,IND,India,1387.88008401297,66.50614634146339,113.46710205078101,65.0720596313477,18.2267894744873,40.625529382855795,72.7324387435234,2010
298,IND,India,1471.65843924074,66.9041707317073,112.595321655273,68.5097808837891,23.271240234375,39.8541300419949,72.7530996369958,2011
299,IND,India,1449.66487452505,67.2898780487805,114.059913635254,71.4701614379883,24.804759979248,38.9906216330861,73.6374164000762,2012
300,IRL,Ireland,48260.665358323604,80.74390243902441,105.700393676758,121.15617370605499,70.6062393188477,5.25910935007182,89.57964901972342,2010
301,IRL,Ireland,52828.420025471394,80.7463414634146,104.729423522949,117.75919342041,73.4706802368164,7.0874139039996695,87.622476645854,2011
302,IRL,Ireland,48976.929753384815,80.89512195121951,104.412452697754,119.119331359863,71.2420272827148,6.95511278314283,86.3763998075078,2012
303,IRN,Iran,6299.918737906651,73.98317073170729,106.300796508789,81.12860107421879,43.0807685852051,0.895194789085619,99.4535140382457,2010
304,IRN,Iran,7874.48479201369,74.4125853658537,106.24764251709,83.7965774536133,48.829410552978494,0.911569389443978,99.42834790716101,2011
305,IRN,Iran,7710.513313884459,74.79934146341459,105.951538085938,86.2766876220703,55.1645317077637,0.929497113935958,99.33342384119041,2012
306,IRQ,Iraq,4487.36628937513,68.829756097561,,,,1.64929337693482,97.43008367159531,2010
307,IRQ,Iraq,5839.313081912789,69.0157804878049,,,,1.32394791367872,97.4784428109164,2011
308,IRQ,Iraq,6650.22886667156,69.2419268292683,,,,1.58612909812262,97.3403761010032,2012
309,ISL,Iceland,41620.0674537296,81.89756097560971,98.8367385864258,109.454307556152,78.4723663330078,76.1011696732484,17.5089354773885,2010
310,ISL,Iceland,45970.8936808937,82.35853658536591,98.5468368530273,108.553726196289,80.9423599243164,77.26750600171141,16.1666325534047,2011
311,ISL,Iceland,44258.8427932005,82.91707317073171,98.1103668212891,111.990447998047,81.3554306030273,78.1393236888574,10.2308241960191,2012
312,ISR,Israel,30736.3638939294,81.60243902439029,104.138320922852,101.948028564453,,8.50335600889084,96.351907306234,2010
313,ISR,Israel,33707.3249639477,81.6560975609756,104.98348236084,101.69799041747999,65.846549987793,9.02175159345035,96.48686976061992,2011
314,ISR,Israel,32818.858376882796,81.7048780487805,105.641639709473,101.357002258301,67.8918304443359,8.67849741480222,96.61953079252329,2012
315,ITA,Italy,35877.8719327318,82.0365853658537,101.06272125244101,100.275199890137,64.268928527832,10.0936636417561,86.5216697646237,2010
316,ITA,Italy,38364.9426699518,82.1878048780488,99.9844818115234,100.658653259277,63.8577690124512,11.1002348529515,85.0708807527021,2011
317,ITA,Italy,34844.4980928484,82.2390243902439,99.00792694091801,99.18505859375,62.4692916870117,12.092015270060699,83.86882345460441,2012
318,JAM,Jamaica,4902.03473104734,72.8471219512195,,91.04263305664058,28.934890747070302,13.705624180107,82.7753974991107,2010
319,JAM,Jamaica,5332.47436123876,73.07639024390251,,88.6040802001953,28.2233009338379,13.8752650263304,82.604421029381,2011
320,JAM,Jamaica,5445.89471774139,73.28248780487809,,,30.8226699829102,14.6560722397136,82.19292459436309,2012
321,JOR,Jordan,4370.721044760129,73.4358780487805,98.78912353515629,89.9105987548828,40.432670593261705,2.9680620216081803,97.34739254930427,2010
322,JOR,Jordan,4665.95427605269,73.5918780487805,98.877830505371,89.058837890625,39.9389305114746,3.02144386842695,95.99185140348257,2011
323,JOR,Jordan,4896.68844660237,73.7473902439024,98.4392471313477,87.8294677734375,46.609649658203104,3.06691904519934,97.24132313337459,2012
324,JPN,Japan,42909.2341523544,82.8426829268293,102.199501037598,101.61612701416,58.0790786743164,4.49748475828325,80.8835944333934,2010
325,JPN,Japan,46203.7095189836,82.5912195121951,102.628868103027,101.76540374755899,59.9240608215332,4.62610547446526,89.7188422680585,2011
326,JPN,Japan,46679.26543223031,83.0960975609756,102.30143737792999,101.809410095215,61.459320068359396,4.48148729400944,94.5568487405975,2012
327,KAZ,Kazakhstan,9070.64997199985,68.29536585365851,104.573799133301,,,1.38236337672173,98.78505276068027,2010
328,KAZ,Kazakhstan,11357.945490694,68.98,104.72673034667999,,,1.38189977497309,98.9338316937763,2011
329,KAZ,Kazakhstan,12120.3053397012,69.61,104.903457641602,102.167152404785,56.2928810119629,1.3582612145148998,98.89124330363708,2012
330,KEN,Kenya,991.850545143199,58.7186097560976,,,,76.309222028074,19.7164546660662,2010
331,KEN,Kenya,1012.8797726672999,59.5342195121951,,,,77.1205051481577,19.459117181990198,2011
332,KEN,Kenya,1184.92325604363,60.2727804878049,114.35608673095699,66.9884414672852,,78.53266267873519,17.7415358545906,2012
333,KGZ,Kyrgyz Republic,880.037775119109,69.3,99.5622100830078,83.9843292236328,42.1333503723145,25.594797557314703,70.51697531144441,2010
334,KGZ,Kyrgyz Republic,1123.8831680627,69.60243902439029,100.90540313720699,88.1920013427734,41.3454818725586,25.9507401694167,70.1008025476591,2011
335,KGZ,Kyrgyz Republic,1177.9747348784801,70.0024390243902,105.858940124512,,,22.4759417166349,73.8546491631262,2012
336,KHM,Cambodia,782.692789877004,66.3856585365854,129.88815307617202,,14.0676002502441,73.3050970777508,25.6002057347773,2010
337,KHM,Cambodia,879.1512440923399,66.87287804878049,126.44561767578101,,15.834110260009801,72.25212709165301,26.224237182084604,2011
338,KHM,Cambodia,946.476678710416,67.3288780487805,124.17540740966801,,,72.6311873998056,25.2392159237822,2012
339,KIR,Kiribati,1465.50457444028,65.3027804878049,,,,2.7113568610685004,,2010
340,KIR,Kiribati,1645.8097403139902,65.4406341463415,,,,2.89478866870843,,2011
341,KIR,Kiribati,1641.19741919084,65.5960731707317,,,,,,2012
342,KNA,St. Kitts and Nevis,13226.9525403536,,93.4698104858398,97.51074981689449,,,,2010
343,KNA,St. Kitts and Nevis,13737.322506299999,,90.22885131835942,94.48108673095699,,,,2011
344,KNA,St. Kitts and Nevis,13642.4959186773,,87.8874893188477,78.8028335571289,,,,2012
345,KOR,Korea,22151.208892132403,80.55121951219509,103.24181365966801,97.1094284057617,100.956108093262,1.2877823190450102,82.880418510337,2010
346,KOR,Korea,24155.829849308197,80.96707317073171,103.838180541992,96.7296600341797,100.800003051758,1.32246037910361,82.7553553459467,2011
347,KOR,Korea,24453.9719124644,81.2134146341464,,,,1.59882449920394,83.2318340574838,2012
348,KSV,Kosovo,3283.21193843172,69.9,,,,20.9454241023293,88.3409843369791,2010
349,KSV,Kosovo,3736.84099938332,70.1487804878049,,,,19.743536003779106,88.62152139377191,2011
350,KSV,Kosovo,3600.88700027693,70.4975609756098,,,,20.8900557184296,88.59800719988121,2012
351,KWT,Kuwait,37725.141206371,74.1619268292683,,,,,,2010
352,KWT,Kuwait,47551.382967448895,74.258243902439,,,,,,2011
353,KWT,Kuwait,50903.9046037897,74.359,,,,,,2012
354,LAC,Latin America & Caribbean (developing only),8183.52599605504,73.67941961717591,111.17324829101601,88.9783172607422,34.9250907897949,33.9635452571534,68.0560473309485,2010
355,LAC,Latin America & Caribbean (developing only),9361.44504210645,73.91266347832291,109.844871520996,88.6203384399414,36.217868804931605,33.03904637694939,68.588843598338,2011
356,LAC,Latin America & Caribbean (developing only),9063.90988068226,74.1467685008982,108.405937194824,88.038818359375,37.2657890319824,32.0564533221848,69.7824216182577,2012
357,LAO,Lao PDR,1147.09538658271,64.3336341463415,123.18994140625,44.8393898010254,16.0879497528076,87.47752219023609,,2010
358,LAO,Lao PDR,1300.97960150014,64.7981219512195,123.40730285644501,43.6019096374512,17.0884799957275,86.5279217784091,,2011
359,LAO,Lao PDR,1445.8694501426596,65.248512195122,122.740867614746,46.5407295227051,16.7253704071045,,,2012
360,LBN,Lebanon,8763.795964165509,79.25278048780491,103.403182983398,74.3497314453125,47.796600341796896,5.27373334420694,94.97600391082199,2010
361,LBN,Lebanon,9132.4342022666,79.55892682926829,103.74421691894501,76.1282119750977,49.73384094238279,5.231662310845941,95.52014106438659,2011
362,LBN,Lebanon,9729.28219293391,79.84636585365851,106.578979492188,73.9830627441406,46.2645111083984,4.97238470129638,96.3714448412622,2012
363,LBR,Liberia,326.604438111264,59.4412926829268,,,9.29885005950928,90.63533641886379,,2010
364,LBR,Liberia,378.8140624486769,59.86434146341461,102.384712219238,45.1567916870117,,89.3924845411912,,2011
365,LBR,Liberia,414.18515544174403,60.2043658536585,,,11.6383600234985,,,2012
366,LBY,Libya,11933.7792588018,71.73739024390241,,,,1.6025898461421002,99.23664641978941,2010
367,LBY,Libya,5517.7795692315685,71.68326829268291,,,,2.25655671924674,98.82277467620442,2011
368,LBY,Libya,13035.1922002032,71.6495609756098,,,,1.69168751697216,99.0020211307402,2012
369,LCA,St. Lucia,7043.5069921638415,74.4710975609756,,95.2089385986328,12.492879867553699,2.35488589091232,,2010
370,LCA,St. Lucia,7195.66982997232,74.6357073170732,,94.63983154296879,16.3404006958008,2.30692409575813,,2011
371,LCA,St. Lucia,7248.234504906809,74.7776341463415,,91.1009292602539,10.178409576416,,,2012
372,LCN,Latin America & Caribbean (all income levels),8976.6771006888,74.0285417513372,110.851928710938,88.7666778564453,40.856941223144496,28.670611671653198,73.4440953853096,2010
373,LCN,Latin America & Caribbean (all income levels),10052.6550036336,74.2525172516323,109.598159790039,88.5923690795898,42.3170204162598,28.473043721101106,73.5281338926358,2011
374,LCN,Latin America & Caribbean (all income levels),9992.556349977109,74.47639214729921,108.794219970703,89.06011962890629,43.4096488952637,27.6883316796808,74.21383757163079,2012
375,LDC,Least developed countries: UN classification,750.207915295665,61.3439895637901,102.670570373535,39.5397987365723,8.13706970214844,76.2968170909485,26.8758863078334,2010
376,LDC,Least developed countries: UN classification,835.1827560692101,61.8531512550731,104.46019744872999,40.480251312255895,8.67681980133057,75.8233687075287,26.420516181560398,2011
377,LDC,Least developed countries: UN classification,864.494304703474,62.329094132441995,104.993896484375,41.6660003662109,8.85019016265869,74.8458334575855,27.1624850054312,2012
378,LIC,Low income,503.96401637307997,59.031931454800905,103.574447631836,37.3103485107422,7.053490161895749,79.29763052521521,20.8205754633164,2010
379,LIC,Low income,550.618109919949,59.66711051516021,103.68224334716801,38.623931884765604,7.47664022445679,80.5040406043757,18.2835248659808,2011
380,LIC,Low income,581.226393705884,60.2599256826234,104.38208770752001,39.4691886901855,7.75432014465332,80.9501144347351,18.6605729028513,2012
381,LIE,Liechtenstein,140101.967275142,81.8414634146342,105.459182739258,108.87928009033199,36.018310546875,,,2010
382,LIE,Liechtenstein,157092.969386695,81.7926829268293,104.95050048828101,111.456573486328,43.6750984191895,,,2011
383,LIE,Liechtenstein,149160.758132157,82.3829268292683,103.828002929688,110.373863220215,42.4966812133789,,,2012
384,LKA,Sri Lanka,2746.61213467159,73.7552682926829,99.0498504638672,97.21853637695308,16.042459487915,62.040586834477104,42.8579880339456,2010
385,LKA,Sri Lanka,3128.6948225646197,73.8992926829269,98.6388702392578,99.09557342529301,15.0174999237061,59.462528312660204,48.2055538124751,2011
386,LKA,Sri Lanka,3366.5103597872608,74.0680487804878,98.44019317626949,99.33850860595699,16.9674606323242,60.8586843808416,47.3752124579521,2012
387,LMC,Lower middle income,1671.92161541214,66.0680327772289,106.130966186523,61.3120918273926,18.2635707855225,41.0207621591805,66.9490729079769,2010
388,LMC,Lower middle income,1840.2571989222602,66.39336547410579,106.07673645019501,63.5644683837891,20.807409286499,40.6725206246261,66.6556604725852,2011
389,LMC,Lower middle income,1886.6839416065,66.6977138667997,106.950149536133,65.599739074707,21.9528999328613,40.3029028263811,67.0190656304497,2012
390,LMY,Low & middle income,3279.66467108432,68.5139069451937,109.152198791504,66.6396331787109,21.718290328979503,28.642473189306106,78.8760937508436,2010
391,LMY,Low & middle income,3792.008687210471,68.794965367987,108.96164703369101,68.4335403442383,23.455120086669893,27.841477633756,79.37875093927059,2011
392,LMY,Low & middle income,3959.55020749043,69.058931100162,109.40270233154301,69.7120895385742,24.8391990661621,27.1658994263893,79.5734366244883,2012
393,LSO,Lesotho,1087.98277034468,47.4834146341463,110.469383239746,50.404811859130895,,4.129779772473181,,2010
394,LSO,Lesotho,1241.20570623397,48.219756097560996,110.99121856689501,52.037239074707,,4.2366830764063,,2011
395,LSO,Lesotho,1158.80422205502,48.836000000000006,111.00060272216801,53.2936401367188,10.825670242309599,,,2012
396,LTU,Lithuania,11988.757967608999,73.2682926829268,101.523788452148,106.681747436523,80.75074768066409,21.6942741128512,74.2902408462139,2010
397,LTU,Lithuania,14367.2093249849,73.5634146341464,99.3339385986328,106.91847991943399,76.6044082641602,23.0945555739396,73.8759517274449,2011
398,LTU,Lithuania,14342.5234770018,73.86341463414641,98.7806396484375,105.936561584473,73.9486389160156,24.2753746699542,72.8995685155005,2012
399,LUX,Luxembourg,103267.276511115,80.63170731707321,97.24195098876949,100.956489562988,18.205219268798803,3.66208568136132,87.9470457058013,2010
400,LUX,Luxembourg,113239.56097199,80.9878048780488,96.5611190795898,101.01773071289101,,3.71949169019675,86.99972562078302,2011
401,LUX,Luxembourg,105447.09324074301,81.3926829268293,96.51007080078129,100.04749298095699,19.7430305480957,4.1425917610700695,87.2126299140554,2012
402,LVA,Latvia,11319.517002393999,73.4829268292683,106.031303405762,98.5140228271484,70.5519180297852,35.2677525128485,63.9168836673288,2010
403,LVA,Latvia,13781.2097866151,73.57560975609759,105.29592132568399,98.6637420654297,67.28472900390629,35.5350854111284,62.893899271543596,2011
404,LVA,Latvia,13775.2615846281,73.7780487804878,102.999809265137,97.7099609375,65.133430480957,40.366469498026,58.04189358610621,2012
405,MAC,"Macao SAR, China",53045.989513366105,79.69039024390241,,93.7963180541992,61.791961669921896,0.44678692050221896,,2010
406,MAC,"Macao SAR, China",67012.96342940269,79.906243902439,,96.8064117431641,63.9851608276367,0.18257493544980705,,2011
407,MAC,"Macao SAR, China",77078.8211832019,80.12317073170729,,96.46289825439449,56.0513381958008,,,2012
408,MAF,St. Martin (French part),,78.7219512195122,,,,,,2010
409,MAF,St. Martin (French part),,78.87073170731709,,,,,,2011
410,MAF,St. Martin (French part),,79.0219512195122,,,,,,2012
411,MAR,Morocco,2857.6734140278004,72.57692682926829,111.671752929688,62.461029052734396,14.3189001083374,13.376368075423803,87.9298302478451,2010
412,MAR,Morocco,3066.5031577577397,72.9854390243902,114.539840698242,65.5579833984375,16.1585693359375,11.798974609800403,89.0440781914671,2011
413,MAR,Morocco,2931.4001995337208,73.36465853658541,116.053756713867,68.8769607543945,,11.3375396476102,89.33378706812229,2012
414,MCO,Monaco,145221.191568424,,,,,,,2010
415,MCO,Monaco,163351.64668556198,,,,,,,2011
416,MCO,Monaco,,,,,,,,2012
417,MDA,Moldova,1631.5358317953198,68.4581219512195,93.54077911376949,87.9811325073242,38.145359039306605,4.16136400813449,93.15206876886421,2010
418,MDA,Moldova,1970.5713725333605,68.5752926829268,93.6029815673828,87.71936798095699,39.4480400085449,4.38451434918518,94.8798730536595,2011
419,MDA,Moldova,2046.5367866510894,68.6934146341464,93.7979736328125,88.1958694458008,40.1086387634277,4.66681646773929,94.4486479870661,2012
420,MDG,Madagascar,414.142787218657,63.36173170731711,144.57731628418,,3.60552000999451,81.8547731181557,,2010
421,MDG,Madagascar,456.329307134312,63.8074146341464,144.477462768555,36.595241546630895,4.00570011138916,78.8537331510289,,2011
422,MDG,Madagascar,444.958493750152,64.2466585365854,145.18600463867202,38.027618408203104,4.08571004867554,,,2012
423,MDV,Maldives,6330.7949828376,76.2004878048781,,,,3.4169710780903304,,2010
424,MDV,Maldives,6497.55044561998,76.3375121951219,,,,3.23934627940904,,2011
425,MDV,Maldives,6529.97807141236,76.46234146341459,,,,,,2012
426,MEA,Middle East & North Africa (all income levels),7108.70420023458,72.2467705797102,107.237350463867,76.6345672607422,31.0990905761719,2.14741123814603,98.6571999277466,2010
427,MEA,Middle East & North Africa (all income levels),8346.39662743386,72.4726974339849,107.395439147949,79.9242401123047,32.0015907287598,2.07764664865132,98.7186250842937,2011
428,MEA,Middle East & North Africa (all income levels),8815.428881432601,72.6881415095799,109.047500610352,80.9283828735352,34.441558837890604,2.02959766581671,98.60348607087772,2012
429,MEX,Mexico,8851.35051405824,76.02678048780491,103.50412750244101,83.66229248046879,26.739389419555696,9.95074603463141,89.26571881849729,2010
430,MEX,Mexico,9715.11259636147,76.18565853658541,104.188842773438,84.05133056640629,27.686830520629893,9.63166989165226,89.19102603159858,2011
431,MEX,Mexico,9703.37101717816,76.35409756097559,105.022041320801,85.6814804077148,28.9944896697998,9.35089435158097,90.15050064071173,2012
432,MHL,Marshall Islands,3124.3434477545597,,,,,,,2010
433,MHL,Marshall Islands,3290.0291851616803,,105.402069091797,,,,,2011
434,MHL,Marshall Islands,3502.26070428711,,,,42.8617515563965,,,2012
435,MIC,Middle income,3589.39827823709,69.5732617400599,110.23226928710899,70.5054473876953,23.284490585327106,26.2717253218223,80.3447923412037,2010
436,MIC,Middle income,4159.10295711822,69.8302498639647,110.00315093994101,72.534797668457,25.222669601440398,25.4645310879152,80.8572132591874,2011
437,MIC,Middle income,4348.135617473939,70.0723365943937,110.410713195801,74.02232360839841,26.806079864502,25.346795835542803,81.01688312171909,2012
438,MKD,Macedonia,4561.17754644919,74.72263414634149,90.09117889404301,81.9113235473633,37.074790954589794,22.5935997402025,81.14242049210121,2010
439,MKD,Macedonia,5079.9620789636,74.87451219512201,,,,17.822637051876,82.0248202527083,2011
440,MKD,Macedonia,4709.5116277773795,75.03126829268291,89.2540435791016,82.830810546875,38.45751953125,16.4684817692157,82.4375307856671,2012
441,MLI,Mali,610.790602095153,56.1798048780488,90.3107070922852,42.4334106445313,6.5141901969909695,83.9245530261314,,2010
442,MLI,Mali,680.827907487865,56.6546829268293,91.6634674072266,44.4552192687988,6.8600602149963406,83.8728138077592,,2011
443,MLI,Mali,641.793820084187,57.095,88.47921752929692,,7.47441005706787,,,2012
444,MLT,Malta,19694.083156714198,81.39756097560979,95.2353668212891,99.0485076904297,36.4811210632324,0.723732527118897,99.65462161512691,2010
445,MLT,Malta,22347.708423805,80.7463414634146,94.76107788085942,87.140037536621,39.5995597839355,0.995532050976647,99.54056835348558,2011
446,MLT,Malta,21176.3099827802,80.7463414634146,95.7930221557617,86.28856658935551,41.21104049682621,2.60527016389965,98.55895150939659,2012
447,MMR,Myanmar,,64.917487804878,114.16488647460899,50.2060203552246,,84.950431756084,21.5752620591153,2010
448,MMR,Myanmar,,65.18090243902441,,,13.8136796951294,84.5191515885729,20.98269130199,2011
449,MMR,Myanmar,1421.49735080062,65.4277804878049,,,13.378049850463901,78.7238455502797,25.379699624809298,2012
450,MNA,Middle East & North Africa (developing only),4100.76971926657,71.6895978762165,108.05362701416,74.0372314453125,30.9040603637695,2.68482100854267,97.94929609182621,2010
451,MNA,Middle East & North Africa (developing only),4654.40597799279,71.9203453330657,108.21354675292999,77.3081130981445,31.4396705627441,2.5929500630226,97.9651658271975,2011
452,MNA,Middle East & North Africa (developing only),4912.35177871647,72.1406567430238,109.913047790527,78.0797805786133,33.5312118530273,2.57958666433229,97.92811144643859,2012
453,MNE,Montenegro,6682.28115774574,74.4167317073171,111.155242919922,98.5713882446289,55.531951904296896,54.524847938436004,60.575088892914295,2010
454,MNE,Montenegro,7318.744690267241,74.53936585365851,100.503837585449,91.0411834716797,,43.1886771152975,63.0441155047381,2011
455,MNE,Montenegro,6586.7212793222,74.6498780487805,100.947319030762,90.9029312133789,,46.195479527495394,61.182122911338396,2012
456,MNG,Mongolia,2650.34688488399,67.6038292682927,125.67478179931601,91.5752182006835,53.8116683959961,3.8265449094255697,95.14211439282472,2010
457,MNG,Mongolia,3772.9315473840998,68.12253658536589,122.063278198242,,55.6769905090332,3.5439791155586,95.36000871892419,2011
458,MNG,Mongolia,4377.23887010435,68.613512195122,116.957641601563,,58.76610946655271,3.21669606007016,95.5075857070657,2012
459,MNP,Northern Mariana Islands,,,,,,,,2010
460,MNP,Northern Mariana Islands,,,,,,,,2011
461,MNP,Northern Mariana Islands,,,,,,,,2012
462,MOZ,Mozambique,417.501231533203,53.2269024390244,111.73249816894501,25.314519882202106,4.55887985229492,89.91208949411329,8.01044234595358,2010
463,MOZ,Mozambique,524.89145294127,53.7382926829268,106.767608642578,26.2816505432129,4.85040998458862,88.9293416422434,9.10803815272205,2011
464,MOZ,Mozambique,564.812463094317,54.2121219512195,105.08306884765601,25.9119606018066,5.15298986434937,88.4371895827227,8.362592401153341,2012
465,MRT,Mauritania,1207.82745747508,62.006170731707286,97.10858154296879,20.3266506195068,4.37942981719971,33.9988100676295,,2010
466,MRT,Mauritania,1390.9286216979801,62.2924878048781,95.86990356445308,22.418519973754893,4.74852991104125,33.2825908153162,,2011
467,MRT,Mauritania,1282.78510128586,62.560170731707295,96.6776580810547,26.70285987854,5.144480228424071,,,2012
468,MUS,Mauritius,7772.10005652754,72.9673170731707,107.248733520508,93.18853759765629,34.173000335693395,3.82392131999718,81.6563002709459,2010
469,MUS,Mauritius,8984.62976859867,73.26682926829271,107.634811401367,94.378807067871,36.045501708984396,3.3648589115029703,82.4397083567022,2011
470,MUS,Mauritius,9113.64064294,73.86341463414641,108.169288635254,95.851463317871,39.864818572998,,83.1532446536406,2012
471,MWI,Malawi,365.516569542613,56.836243902439,137.688903808594,32.6524085998535,0.717199981212615,78.6465215776911,,2010
472,MWI,Malawi,369.60434718961403,58.50012195121951,140.15461730957,33.8233795166016,0.814149975776672,79.24445547558841,,2011
473,MWI,Malawi,270.087531288291,60.050292682926795,141.291564941406,34.243679046630895,,,,2012
474,MYS,Malaysia,9069.04175699503,74.15778048780491,,66.8807373046875,37.134529113769496,6.04384189324147,94.91398989431627,2010
475,MYS,Malaysia,10427.7560500121,74.286756097561,,67.2426605224609,35.974910736084,6.54437330194014,94.8455881981139,2011
476,MYS,Malaysia,10834.6590783671,74.4233170731707,,70.79637145996091,37.2002296447754,6.7957857581449295,94.7758045562017,2012
477,NAC,North America,48291.4597271455,78.7745030725575,99.3901596069335,94.00438690185551,89.9931793212891,8.98541188115789,83.15054156969259,2010
478,NAC,North America,50016.827059283496,78.88272329593309,98.73961639404301,94.4143295288085,91.8391265869141,9.6720995570831,82.63527845663779,2011
479,NAC,North America,51590.1465776446,78.99067408649209,98.2070999145508,95.1980667114258,90.9113235473633,9.44438396353191,82.62610271280259,2012
480,NAM,Namibia,5143.13067579247,62.480292682926795,107.48468017578101,,,32.7789967329081,65.9688013408565,2010
481,NAM,Namibia,5539.615159669251,63.277170731707294,,,,33.42250068952489,65.3823094214045,2011
482,NAM,Namibia,5679.95821520897,63.88114634146339,109.462509155273,,,32.9402578329674,65.68890048284571,2012
483,NCL,New Caledonia,,77.4731707317073,,,,3.03881669965015,,2010
484,NCL,New Caledonia,,76.7268292682927,,,,4.00568831727479,,2011
485,NCL,New Caledonia,,77.12195121951221,,,,,,2012
486,NER,Niger,351.00621834678594,58.25899999999999,64.7818984985352,13.831239700317399,1.49682998657227,80.13898612070909,,2010
487,NER,Niger,378.200546574048,59.2045609756098,68.87326049804689,14.682769775390598,1.55034995079041,81.2749467804239,,2011
488,NER,Niger,393.64342304494005,60.072536585365896,71.1337127685547,15.9247598648071,1.75416994094849,,,2012
489,NGA,Nigeria,2314.96353665347,51.32951219512201,84.8048782348633,43.82913970947271,,86.7920620089302,18.014919949632002,2010
490,NGA,Nigeria,2514.14862151929,51.7378048780488,,,,86.16954661791071,18.9856648495815,2011
491,NGA,Nigeria,2739.8521890390602,52.105,,,,86.4723026264126,18.7740850877279,2012
492,NIC,Nicaragua,1523.48146924241,73.58173170731709,116.735733032227,68.908561706543,,51.8890898392595,46.9123572317058,2010
493,NIC,Nicaragua,1679.7482002535598,73.90129268292691,,,,51.4944496968777,48.61373228786761,2011
494,NIC,Nicaragua,1779.8670876131796,74.2124634146341,,,,53.12039718948049,43.678723660656395,2012
495,NLD,Netherlands,50341.251919715985,80.7024390243902,108.55029296875,121.97543334960899,64.3260498046875,3.56090749014018,93.8350968071438,2010
496,NLD,Netherlands,53537.2751512189,81.2048780487805,107.63812255859399,128.41818237304702,76.4160690307617,4.36388832310723,92.3206659361961,2011
497,NLD,Netherlands,49474.705606422,81.10487804878049,105.79074859619101,129.91276550293,77.3435592651367,4.65483804555953,91.5042735758447,2012
498,NOC,High income: nonOECD,15444.4401099302,72.7420528399043,104.65242004394501,89.83106231689449,66.2514801025391,4.45568861092065,92.3498287922537,2010
499,NOC,High income: nonOECD,17994.1581390331,73.2026161002022,104.466163635254,92.3832321166992,67.610221862793,4.410439727512559,92.58806520504328,2011
500,NOC,High income: nonOECD,19098.551044623502,73.6349038797302,106.14689636230499,97.73211669921879,68.2860565185547,4.3517498591492405,92.30778420496227,2012
501,NOR,Norway,87646.2700974708,80.9975609756098,98.87750244140629,113.081642150879,72.7910614013672,56.3348633239853,61.2208205788509,2010
502,NOR,Norway,100575.117263444,81.2951219512195,99.27304077148442,112.98291015625,73.0857925415039,56.6191862277655,57.2921242123071,2011
503,NOR,Norway,101563.70267759699,81.4512195121951,99.4369888305664,111.06130218505899,74.1011199951172,58.0179485735573,57.0505511225486,2012
504,NPL,Nepal,595.427519830012,67.9714878048781,141.053726196289,60.4387283325195,14.3648900985718,87.29244813035999,12.5967265081853,2010
505,NPL,Nepal,695.8831982943469,68.40663414634149,142.923324584961,62.7280883789063,14.4902896881104,86.94551550167989,12.9866552744239,2011
506,NPL,Nepal,685.496758554012,68.8233170731707,139.31115722656298,65.81979370117189,,84.72026885116779,15.1708246198457,2012
507,NZL,New Zealand,33394.0729963486,80.7024390243902,101.22135925292999,119.082710266113,82.5553665161133,31.341974150388108,60.9415615552369,2010
508,NZL,New Zealand,37896.8539665922,80.9048780487805,100.098266601563,119.793006896973,80.7813491821289,32.199223363926,59.536623412269,2011
509,NZL,New Zealand,,81.1560975609756,98.6552505493164,119.544387817383,79.776268005371,30.7800698457796,61.7518923786682,2012
510,OEC,High income: OECD,40459.8313649869,80.1363170174824,101.962020874023,100.971328735352,75.5494918823242,9.9405707089375,80.1984211440673,2010
511,OEC,High income: OECD,43197.5250208225,80.4176680935214,101.574447631836,100.91188812255899,77.34803771972659,10.4751835719721,80.45568169566421,2011
512,OEC,High income: OECD,42914.903596672004,80.53713874957509,101.262451171875,101.166778564453,77.613426208496,10.7480503604317,80.60083401017671,2012
513,OED,OECD members,35672.2573521085,79.39857718000441,102.24655914306601,97.26390838623051,67.90122222900389,10.0343634902772,80.6657024806655,2010
514,OED,OECD members,38060.5212912501,79.6655419587153,102.037826538086,97.6001968383789,69.7444915771484,10.500770082963001,80.95811627400991,2011
515,OED,OECD members,37780.555479715695,79.79538757691991,101.778648376465,97.7473526000977,70.6942901611328,10.7525176639595,81.1386421274737,2012
516,OMN,Oman,19920.6495686354,76.0528048780488,,,24.746160507202106,,100.0,2010
517,OMN,Oman,21164.3357574377,76.3276341463415,106.98912811279301,97.760498046875,28.1372604370117,,100.0,2011
518,OMN,Oman,21533.807603293,76.5895609756098,109.00715637207001,94.12301635742192,,,,2012
519,OSS,Other small states,4229.45116572159,60.8012548080483,109.43887329101601,60.061458587646506,10.952630043029801,40.7231591206046,61.356094443759496,2010
520,OSS,Other small states,5023.35186515379,61.2597491412164,110.115188598633,60.708560943603494,11.583009719848599,40.2574254605143,61.3200101506446,2011
521,OSS,Other small states,4887.07326976875,61.6607777131452,110.57508087158199,61.4230613708496,12.346549987792999,,60.9237215097285,2012
522,PAK,Pakistan,1043.3002050381199,65.1625609756098,94.8090667724609,34.0707817077637,,45.8127399818244,61.4365952279519,2010
523,PAK,Pakistan,1230.81542756809,65.447,92.2880706787109,34.936759948730504,8.31155014038085,45.129526148454,60.8437913739964,2011
524,PAK,Pakistan,1266.38075811451,65.7168780487805,92.90270233154301,36.6008796691895,9.52801990509033,45.4876602788976,60.71857822587621,2012
525,PAN,Panama,7958.583689683159,76.8636341463415,102.167198181152,70.30487060546879,43.9157905578613,24.093856445134506,77.2036207048071,2010
526,PAN,Panama,9036.03741357569,77.0516829268293,101.44637298584,69.740478515625,41.7819213867188,22.2092691872969,79.7098845880993,2011
527,PAN,Panama,10138.5211288862,77.2370487804878,100.319351196289,84.047996520996,43.4564208984375,22.864839069500604,78.3076270941513,2012
528,PER,Peru,5056.30313106415,73.6398048780488,107.250831604004,91.72915649414058,40.64797973632809,30.731297791795807,74.70424777479529,2010
529,PER,Peru,5731.34656323015,73.84497560975609,104.90493774414101,91.7702178955078,,29.5472591623523,75.9199301518594,2011
530,PER,Peru,6388.845097855649,74.05765853658541,99.5940933227539,89.7849807739258,,28.249880452110897,77.7104858098165,2012
531,PHL,Philippines,2145.2400070733897,67.7833170731707,,,29.449350357055696,28.8118585238414,60.2102463780373,2010
532,PHL,Philippines,2371.8535366282103,67.89065853658539,,,30.9458904266357,29.4105609182024,59.6622939821062,2011
533,PHL,Philippines,2604.6559968370198,68.0070731707317,,,31.4762992858887,29.4027836263597,60.7341423858094,2012
534,PLW,Palau,9004.63721642892,,,,,2.76531415855361,,2010
535,PLW,Palau,9765.30550315927,,,,,2.67902381354501,,2011
536,PLW,Palau,10397.7580261948,,,,,,,2012
537,PNG,Papua New Guinea,1418.92359069215,61.99482926829271,,,,54.06141746527661,,2010
538,PNG,Papua New Guinea,1838.69919868665,62.1526341463415,,,,53.4069179427052,,2011
539,PNG,Papua New Guinea,2151.2102765495997,62.2999024390244,114.23159790039101,40.1570587158203,,,,2012
540,POL,Poland,12597.4587924553,76.2463414634146,98.2926483154297,97.22219848632808,73.5207214355469,9.49526089526951,92.283845931251,2010
541,POL,Poland,13891.14168806,76.7463414634146,99.1617431640625,97.3553466796875,73.5096969604492,10.5797832627311,91.9763050506369,2011
542,POL,Poland,13142.045994608601,76.7975609756098,101.226417541504,97.658836364746,73.1939392089844,11.0841365261952,90.8193211998091,2012
543,PRI,Puerto Rico,26435.725980222596,78.182243902439,94.7421035766602,82.969367980957,86.3467483520508,0.6882608508624771,,2010
544,PRI,Puerto Rico,27219.3933390493,78.3588536585366,87.4773101806641,78.318992614746,86.4603271484375,1.00011681508173,,2011
545,PRI,Puerto Rico,27752.0427446427,78.5355365853659,89.1053009033203,79.36180114746091,86.56920623779301,,,2012
546,PRK,Dem. People's Rep. Korea,,68.9000243902439,,,,11.7500609052653,88.26568840166142,2010
547,PRK,Dem. People's Rep. Korea,,69.1879024390244,,,,15.878858881138001,84.2383114420992,2011
548,PRK,Dem. People's Rep. Korea,,69.4941951219512,,,,15.983088401758401,84.1195876973891,2012
549,PRT,Portugal,22539.9960076117,79.0268292682927,112.09860992431601,109.712959289551,65.9479293823242,27.8219899973527,75.1269714884534,2010
550,PRT,Portugal,23194.740956770096,80.4707317073171,109.400779724121,111.260078430176,69.29348754882811,27.1624980381712,75.70243235078308,2011
551,PRT,Portugal,20577.4026375899,80.37317073170729,106.284217834473,112.851661682129,68.8615798950195,25.5642514762682,75.1735130890123,2012
552,PRY,Paraguay,3225.59175373637,72.3012926829268,97.4769287109375,67.7656784057617,34.513671875,64.2493654439007,32.5612751980796,2010
553,PRY,Paraguay,3983.49850352049,72.4871951219512,94.8264999389648,69.6010208129883,,63.1114379927601,33.6368381384045,2011
554,PRY,Paraguay,3858.0364922746803,72.654,96.49777221679692,75.3162078857422,,62.6775121178113,33.8178344797968,2012
555,PSS,Pacific island small states,2890.89443455672,69.140025085848,118.968406677246,75.5199813842773,,22.4179577656568,,2010
556,PSS,Pacific island small states,3386.8468791000405,69.3396258431279,118.748092651367,75.584602355957,,22.643677517032,,2011
557,PSS,Pacific island small states,3537.2813291837,69.5354814264723,117.78338623046899,74.1279830932617,,,,2012
558,PYF,French Polynesia,,75.69539024390251,,,,10.6922138428857,,2010
559,PYF,French Polynesia,,75.9170243902439,,,,9.37770778185819,,2011
560,PYF,French Polynesia,,76.1270243902439,,,,,,2012
561,QAT,Qatar,70870.2265835221,77.825512195122,,104.289672851563,9.995809555053713,,,2010
562,QAT,Qatar,89115.9014908449,78.0278048780488,,111.61669921875,11.693110466003402,,100.0,2011
563,QAT,Qatar,94407.406919562,78.22765853658541,,,12.145469665527301,,,2012
564,ROM,Romania,8297.48362072379,73.4585365853659,96.7256927490234,94.9094924926758,56.77650070190421,24.095709172025398,75.0724459122761,2010
565,ROM,Romania,9200.27782470489,74.5634146341464,96.10533905029301,95.9855804443359,51.5972900390625,21.112732139261894,77.64184880650521,2011
566,ROM,Romania,8577.289214438191,74.4634146341463,94.18798828125,95.0112991333008,,21.678833410237196,76.4444719739602,2012
567,RUS,Russia,10674.997202418399,68.8560975609756,,,,3.34270674397318,90.7336471077676,2010
568,RUS,Russia,13323.883375436399,69.6585365853659,100.337242126465,91.89520263671879,76.5299987792969,3.22775687220058,91.11309748513081,2011
569,RUS,Russia,14078.8305693118,70.36585365853661,100.55615234375,95.2995986938477,76.1435470581055,3.24500315811185,91.0670439639102,2012
570,RWA,Rwanda,553.5974576106839,61.4017804878049,122.198036193848,30.1434497833252,5.77161979675292,90.65595624600228,,2010
571,RWA,Rwanda,606.902886399677,62.1553658536585,128.229415893555,31.538770675659197,7.0984902381897,86.7516151627137,,2011
572,RWA,Rwanda,667.414582334439,62.79936585365851,133.720306396484,31.8321094512939,6.9023299217224094,,,2012
573,SAS,South Asia,1285.1022839499,66.6880628804838,110.38121795654301,59.712329864502,15.9658298492432,42.4329857816697,70.51882027486779,2010
574,SAS,South Asia,1382.5299244180899,67.0659868021934,110.37924194335899,62.494499206543,19.8891696929932,41.5255618912979,70.595364625462,2011
575,SAS,South Asia,1374.35762150669,67.4293570757278,111.64169311523399,65.2673492431641,21.199630737304695,40.8589899730607,71.4664971714148,2012
576,SAU,Saudi Arabia,18753.981233207902,73.7016097560976,100.91446685791,,37.3387908935547,0.00826393674766115,99.9967739867234,2010
577,SAU,Saudi Arabia,23256.0956126437,73.8548536585366,100.67835235595699,,43.1818695068359,0.0091158129498066,99.996227047041,2011
578,SAU,Saudi Arabia,24883.1897146534,74.0160243902439,102.77889251709,,50.93608093261721,0.00857538311969361,99.9966043436557,2012
579,SDN,Sudan,1421.53294242954,62.042585365853704,70.7908096313477,41.70814132690421,15.177379608154302,61.4393202951286,30.9993033675996,2010
580,SDN,Sudan,1596.44520955706,62.4555365853659,68.6208724975585,36.9808807373047,14.8361902236938,63.9927354458512,29.6029761326076,2011
581,SDN,Sudan,1662.2876408499899,62.8321951219512,70.0244674682617,40.742500305175795,15.1397695541382,63.967858706610095,28.2492485738164,2012
582,SEN,Senegal,998.119695502128,64.0144390243903,84.4131622314453,36.411689758300795,7.629990100860598,51.170171563619604,44.9126966470035,2010
583,SEN,Senegal,1081.13151800024,64.6953658536585,83.5257034301758,41.004451751709,,49.568701003502206,46.3319669222844,2011
584,SEN,Senegal,1019.27223025869,65.3188780487805,83.7881622314453,,,51.364727738825295,44.60668508762471,2012
585,SGP,Singapore,46569.9730490708,81.5414634146342,,,,0.476321782464413,97.6871680253302,2010
586,SGP,Singapore,53121.2310437994,81.74390243902441,,,,0.4902603182415479,97.66643159349441,2011
587,SGP,Singapore,54577.1373654638,81.9951219512195,,,,0.517608066468923,97.59185074228441,2012
588,SLB,Solomon Islands,1276.34851310464,67.0656585365854,,48.6324882507324,,67.4127788181803,,2010
589,SLB,Solomon Islands,1648.85412726975,67.2912195121951,,47.880100250244105,,67.1849977781873,,2011
590,SLB,Solomon Islands,1866.7072455097696,67.5065853658537,,48.4396095275879,,,,2012
591,SLE,Sierra Leone,446.341765694627,48.22895121951221,,,,84.175089491646,,2010
592,SLE,Sierra Leone,490.878904739307,49.034731707317114,128.091613769531,45.6684913635254,,80.34598060676741,,2011
593,SLE,Sierra Leone,618.947252930048,49.7490975609756,131.494491577148,50.544219970703104,,,,2012
594,SLV,El Salvador,3547.0709831532204,71.67060975609759,113.216728210449,64.6840362548828,23.4069309234619,34.1273882098558,46.02947677584479,2010
595,SLV,El Salvador,3821.33858985521,71.9561707317073,113.525833129883,67.202537536621,24.5185699462891,34.0188568424549,47.381766794729,2011
596,SLV,El Salvador,3921.7203951165893,72.2318536585366,112.604820251465,69.2394332885742,25.4544696807861,34.0116111235761,47.319482514636896,2012
597,SMR,San Marino,,83.1593791574279,94.3746337890625,97.20950317382808,64.8442916870117,,,2010
598,SMR,San Marino,,83.3232150776053,91.9411773681641,94.94786834716801,64.2955780029297,,,2011
599,SMR,San Marino,,,93.3017196655273,94.6519927978516,59.8489990234375,,,2012
600,SOM,Somalia,,54.0236585365854,,,,93.57100525669857,,2010
601,SOM,Somalia,,54.35695121951221,,,,94.19526879301901,,2011
602,SOM,Somalia,,54.690243902439,,,,,,2012
603,SRB,Serbia,5411.87740391911,74.33658536585371,95.89575958251949,91.4276275634766,49.0827217102051,20.7096664829556,86.8853714692511,2010
604,SRB,Serbia,6423.291783345831,74.5365853658537,94.87954711914058,91.45690155029301,50.3651809692383,17.672151056734602,89.08806084495899,2011
605,SRB,Serbia,5659.38020403691,74.83658536585371,92.96206665039058,91.7119293212891,52.37702941894529,19.6094256895382,87.1381945616127,2012
606,SSA,Sub-Saharan Africa (developing only),1515.52692017454,56.335066281927006,98.3733367919922,40.6315307617188,7.96548986434937,70.7801455816965,39.9672498582592,2010
607,SSA,Sub-Saharan Africa (developing only),1663.17622261333,56.96575569922621,98.9552688598633,41.5293197631836,8.21310997009277,70.9086533833877,39.3066567502836,2011
608,SSA,Sub-Saharan Africa (developing only),1695.74638903975,57.5451638175519,99.660888671875,42.320320129394496,8.33018970489501,69.92783167091311,38.6734004874476,2012
609,SSD,South Sudan,1563.90419536662,53.6649024390244,,,,,,2010
610,SSD,South Sudan,1696.14566722172,54.205,85.7275924682617,,,,,2011
611,SSD,South Sudan,944.2828115783619,54.727,,,,,,2012
612,SSF,Sub-Saharan Africa (all income levels),1529.91608367611,56.336495038154,98.36602783203129,40.6252098083496,7.961060047149661,70.71607793461409,39.9672498582592,2010
613,SSF,Sub-Saharan Africa (all income levels),1682.129833363,56.96685623075,98.9478073120117,41.522331237793004,8.208629608154299,70.85005909852809,39.3066567502835,2011
614,SSF,Sub-Saharan Africa (all income levels),1715.04398896762,57.54621094273271,99.6552581787109,42.312931060791,8.32557964324951,69.92783167091311,38.6734004874476,2012
615,SST,Small states,5204.47541160546,63.95432087255429,107.32248687744101,67.56600952148439,13.280619621276903,28.1512899132033,88.13333916965902,2010
616,SST,Small states,5936.10395165219,64.3015110970452,107.97570037841801,68.0588226318359,13.6628999710083,28.440892342639106,87.9458157825926,2011
617,SST,Small states,5894.905133860621,64.607681710804,108.35376739502001,67.759147644043,14.4854297637939,,87.5295745435907,2012
618,STP,São Tomé and Principe,1142.18231129529,65.8546829268293,128.647384643555,52.08398056030271,4.20417022705078,43.7595496677953,,2010
619,STP,São Tomé and Principe,1374.13192098877,66.0037804878049,127.84245300292999,60.899871826171896,,43.21514030889711,,2011
620,STP,São Tomé and Principe,1488.04800312555,66.1339024390244,118.25890350341801,71.484489440918,7.67236995697021,,,2012
621,SUR,Suriname,8430.905965062271,70.36273170731711,,,,16.7641442190253,,2010
622,SUR,Suriname,8448.504260834641,70.5993902439024,114.403030395508,85.3625106811523,,19.4073518368715,,2011
623,SUR,Suriname,9422.27099435231,70.8063170731707,,,,,,2012
624,SVK,Slovak Republic,16554.889115691,75.1121951219512,102.87976837158199,92.7756881713867,55.990028381347706,10.2796455625289,70.23777338678211,2010
625,SVK,Slovak Republic,18138.7275365668,75.9585365853659,101.730079650879,93.5380630493164,55.071418762207,10.3575514619004,68.5113631680676,2011
626,SVK,Slovak Republic,17207.279206484698,76.109756097561,101.64811706542999,93.88311767578129,55.1090507507324,10.4808356583089,66.8135852523402,2012
627,SVN,Slovenia,23438.866561012597,79.42195121951221,98.2181930541992,97.76010131835942,88.4679718017578,18.051059381045498,67.5432540201315,2010
628,SVN,Slovenia,24983.693725446294,79.9707317073171,98.44615936279301,97.9489364624023,85.089111328125,17.7199138016331,65.3044865302468,2011
629,SVN,Slovenia,22477.5975627822,80.12439024390241,98.92974853515629,97.56566619873051,86.0246963500977,19.321734711102,65.21560029044011,2012
630,SWE,Sweden,52076.4305245885,81.4512195121951,101.448539733887,98.12084197998051,74.63096618652341,45.9778062872266,34.4232514038991,2010
631,SWE,Sweden,59593.684798238886,81.8024390243903,100.50155639648399,96.91104125976558,73.9450912475585,46.544139556720296,34.2141870452598,2011
632,SWE,Sweden,57134.0770682404,81.7048780487805,101.537147521973,98.3752670288085,70.0256729125977,49.9131719386059,30.9991557787887,2012
633,SWZ,Swaziland,2956.69679468117,48.34575609756099,115.772827148438,57.9735794067383,,39.40409307858479,,2010
634,SWZ,Swaziland,4093.384242641021,48.661390243902396,115.013816833496,59.921169281005895,5.96363019943237,39.468596234764206,,2011
635,SWZ,Swaziland,3988.667162431421,48.8506341463415,114.36337280273399,60.6870994567871,,,,2012
636,SXM,Sint Maarten (Dutch part),,,,,,,,2010
637,SXM,Sint Maarten (Dutch part),,,,,,,,2011
638,SXM,Sint Maarten (Dutch part),,,,,,,,2012
639,SYC,Seychelles,10805.0606310062,73.1975609756098,106.223960876465,74.8143005371094,,0.404373559494664,,2010
640,SYC,Seychelles,12189.0069471478,72.7243902439024,106.936416625977,76.00604248046879,2.4884800910949703,0.50794234205294,,2011
641,SYC,Seychelles,12844.858534807,74.2268292682927,107.672317504883,79.5094528198242,1.33298003673553,,,2012
642,SYR,Syrian Arab Republic,,74.8676341463415,118.147186279297,72.46482849121091,25.7220306396484,1.39729041046313,99.0805891782329,2010
643,SYR,Syrian Arab Republic,,74.7705853658537,121.16900634765601,73.9192886352539,25.6354103088379,1.8732403344696296,98.67909175474672,2011
644,SYR,Syrian Arab Republic,,74.7107073170732,122.25863647460899,74.422492980957,29.884550094604503,2.37499371900648,98.1015410664867,2012
645,TCA,Turks and Caicos Islands,,,,,,0.517998914005426,,2010
646,TCA,Turks and Caicos Islands,,,,,,0.532165411483411,,2011
647,TCA,Turks and Caicos Islands,,,,,,,,2012
648,TCD,Chad,895.8779958515421,49.862073170731705,83.398811340332,22.909330368042003,2.12217998504639,90.79990861342631,,2010
649,TCD,Chad,988.4431597942199,50.33195121951221,90.6429214477539,23.456539154052702,2.25039005279541,90.6072397721715,,2011
650,TCD,Chad,972.679345110246,50.7813902439024,95.3869094848633,22.7940998077393,,,,2012
651,TGO,Togo,496.4824942028061,57.2815609756098,131.42106628418,,9.11701965332031,65.8427051722329,22.035708977705998,2010
652,TGO,Togo,572.025703222528,57.9307804878049,129.549575805664,54.940521240234396,10.1469097137451,69.1270127809019,19.9090893713015,2011
653,TGO,Togo,580.4950617702481,58.5538536585366,132.804794311523,,10.3127603530884,72.71048690145291,17.218102605253,2012
654,THA,Thailand,5111.909202229172,73.6943658536586,94.9236373901367,83.4787902832031,50.0255317687988,22.797541115225002,79.92580451467641,2010
655,THA,Thailand,5539.49436810396,73.89239024390241,94.86676025390629,87.3735198974609,52.581119537353494,22.2723558521667,80.4358881332693,2011
656,THA,Thailand,5917.9179338712,74.07190243902441,95.38800048828129,86.98294067382808,51.4047508239746,23.0230560779748,80.3032162051895,2012
657,TJK,Tajikistan,744.189892165383,68.5633902439025,100.44235992431601,84.4015579223633,22.6980094909668,62.09949475349421,34.6058097388425,2010
658,TJK,Tajikistan,841.219870374428,68.8917804878049,100.010917663574,85.5524597167969,22.0147590637207,60.2528093948316,36.25452584123021,2011
659,TJK,Tajikistan,962.439124853526,69.1669756097561,99.6297607421875,87.0034408569335,22.470260620117198,57.973075863496504,38.384097755706,2012
660,TKM,Turkmenistan,4392.71958330752,65.021243902439,,,,,,2010
661,TKM,Turkmenistan,5724.53710231112,65.16560975609761,,,,,,2011
662,TKM,Turkmenistan,6797.72116602834,65.3115853658537,,,,,,2012
663,TMP,Timor-Leste,875.8365692712648,65.9444634146342,116.523651123047,54.712799072265604,17.735059738159197,,,2010
664,TMP,Timor-Leste,1015.71592799663,66.4918048780488,124.95143890380899,56.6177101135254,,,,2011
665,TMP,Timor-Leste,1127.10821457355,67.0205853658537,,,,,,2012
666,TON,Tonga,3557.7371836650395,72.18260975609759,108.02770233154301,103.946258544922,,1.00787032843021,,2010
667,TON,Tonga,4226.69274653294,72.33473170731709,108.36620330810499,104.342338562012,,1.12681954248191,,2011
668,TON,Tonga,4364.30924422214,72.488,110.079902648926,90.9448776245117,,,,2012
669,TTO,Trinidad and Tobago,15840.4072608684,69.7975609756098,106.097686767578,,,0.336168472595429,99.9296355737969,2010
670,TTO,Trinidad and Tobago,18287.402474111102,69.9803170731707,,,,0.36043394693671504,99.9291856214674,2011
671,TTO,Trinidad and Tobago,18322.323800986,70.1513902439024,,,,0.32416613528890603,99.92797158057829,2012
672,TUN,Tunisia,4176.61146147134,74.60243902439029,108.813827514648,89.00623321533199,,14.265056829212401,86.57640552620441,2010
673,TUN,Tunisia,4298.0916974907,74.3439024390244,108.341941833496,91.08627319335942,35.2228889465332,13.350624109229601,87.90381629893602,2011
674,TUN,Tunisia,4187.543530517621,73.9951219512195,109.705093383789,,35.199310302734396,13.047909537450199,88.148522872395,2012
675,TUR,Turkey,10111.5177086398,74.21119512195119,102.41883087158199,84.4281311035156,55.9015502929688,14.351944756551301,88.98583712071371,2010
676,TUR,Turkey,10584.1639636414,74.5404878048781,102.116470336914,88.8507232666016,60.6836013793945,12.7933216110756,89.8978035311445,2011
677,TUR,Turkey,10646.0355326161,74.8624390243903,100.033218383789,86.1093368530273,69.3854904174805,12.835034982268901,89.3628630105887,2012
678,TUV,Tuvalu,3238.3757627390505,,,,,,,2010
679,TUV,Tuvalu,3993.50025430234,,,,,,,2011
680,TUV,Tuvalu,4044.1937802248713,,,,,,,2012
681,TZA,Tanzania,708.521932325363,61.6256097560976,101.67852783203101,31.6452198028564,2.10865998268127,90.0791356407013,10.840464315959,2010
682,TZA,Tanzania,740.3839008298248,62.6320975609756,,,,89.58421068337229,12.1791618898451,2011
683,TZA,Tanzania,827.5288807690898,63.520902439024404,93.0081100463867,34.974048614502,3.9190399646759,88.1735242247949,13.877172312011199,2012
684,UGA,Uganda,608.8130238572901,55.8366585365854,117.44805908203101,26.417299270629893,3.918790102005,91.095525308986,,2010
685,UGA,Uganda,591.43862381583,56.463756097560996,109.781303405762,25.3447093963623,4.38131999969482,90.3336788018451,,2011
686,UGA,Uganda,656.398072749334,57.100195121951195,,,,,,2012
687,UKR,Ukraine,2973.9964807156202,70.2653658536586,102.362892150879,95.39096069335942,76.6554870605469,2.8805645289808703,80.4495782362408,2010
688,UKR,Ukraine,3569.757027404771,70.8092682926829,105.563041687012,93.90599822998051,79.249412536621,2.7330102278557,79.55725004748071,2011
689,UKR,Ukraine,3855.4212801318,70.94414634146341,105.973838806152,97.7727737426758,79.7016525268555,2.8335707961044,79.282783693716,2012
690,UMC,Upper middle income,5860.44851882962,73.72585771006409,117.54480743408199,84.76380920410159,29.1178493499756,19.1529794622015,85.99253975345758,2010
691,UMC,Upper middle income,6924.645315509421,73.9332333815759,117.072479248047,86.95960235595699,30.4963493347168,18.2683654503805,86.61878134379343,2011
692,UMC,Upper middle income,7304.074178765641,74.1297845607392,116.690078735352,88.0114517211914,32.8353614807129,18.363736522706002,86.63775638160541,2012
693,URY,Uruguay,11938.2750545308,76.3946097560976,112.035766601563,90.3358688354492,63.1523513793945,52.542949572190714,50.1104699617021,2010
694,URY,Uruguay,14166.5576672224,76.5411951219512,,,,48.5939718163772,56.1545138614322,2011
695,URY,Uruguay,15127.644150516699,76.6883902439024,,,,46.3742560180793,58.716215778109714,2012
696,USA,United States,48374.05645659661,78.5414634146342,99.4575729370117,93.1875991821289,93.2933883666992,7.47892778490904,84.14449790996571,2010
697,USA,United States,49781.357490134,78.64146341463409,98.7802276611328,93.5501708984375,95.3319625854492,8.18544254711103,83.68643615698409,2011
698,USA,United States,51456.658728035305,78.7414634146342,98.13031005859379,93.6739501953125,94.27670288085942,7.91839642846153,83.70897874737459,2012
699,UZB,Uzbekistan,1377.0821404693802,67.858756097561,93.0378875732422,104.53064727783199,,2.6363345147039903,97.84426505594459,2010
700,UZB,Uzbekistan,1544.8277727352402,67.98039024390239,93.307762145996,105.169761657715,8.87380981445313,2.2401467333638,98.1433755046007,2011
701,UZB,Uzbekistan,1719.03619624155,68.104,,,,2.37391619326812,98.01140758764221,2012
702,VCT,St. Vincent and the Grenadines,6231.713232314611,72.3463902439024,105.035293579102,107.538818359375,,5.2358652750404815,,2010
703,VCT,St. Vincent and the Grenadines,6183.67692373875,72.518756097561,99.64208221435551,103.553833007813,,5.1345171030853605,,2011
704,VCT,St. Vincent and the Grenadines,6337.77011183536,72.67185365853659,105.298866271973,100.949516296387,,,,2012
705,VEN,Venezuela,13581.3533771018,73.6716097560976,102.513931274414,82.27581787109379,,10.3240143332818,90.202100364732,2010
706,VEN,Venezuela,10754.5928790654,73.7916585365854,102.141288757324,83.23876953125,,12.3562603102179,88.69583426814579,2011
707,VEN,Venezuela,12771.5950361107,73.9257317073171,102.06787109375,85.3671112060547,,11.197541313112199,89.7246026767495,2012
708,VIR,Virgin Islands,,79.1731707317073,,,,,,2010
709,VIR,Virgin Islands,,79.37317073170729,,,,,,2011
710,VIR,Virgin Islands,,79.4731707317073,,,,,,2012
711,VNM,Vietnam,1333.58352635481,75.3117317073171,104.913848876953,,22.385000228881804,34.7958989351442,70.3281775071395,2010
712,VNM,Vietnam,1543.0269503302302,75.45790243902441,104.997909545898,,24.4293003082275,35.52946562595871,69.5168445601794,2011
713,VNM,Vietnam,1755.26542357512,75.6066829268293,104.684341430664,,24.599609375,35.5792424877634,69.4619048944349,2012
714,VUT,Vanuatu,2965.7522301167305,70.8499512195122,122.49356079101601,59.5326995849609,,39.1407851557651,,2010
715,VUT,Vanuatu,3275.0239820367306,71.1345609756098,,,,34.1809005357996,,2011
716,VUT,Vanuatu,3158.4209735273,71.4081707317073,,,,,,2012
717,WBG,West Bank and Gaza,2338.71987682303,72.64048780487809,90.48065185546879,85.4456481933594,50.0613594055176,,,2010
718,WBG,West Bank and Gaza,2664.95138463952,72.8294390243903,91.9796600341797,83.64781188964841,51.3082885742188,,,2011
719,WBG,West Bank and Gaza,2782.90502643023,73.0178780487805,94.3712615966797,82.82102966308591,49.0640716552734,,,2012
720,WLD,World,9472.19629800569,70.4711611033348,108.264198303223,71.058219909668,29.3377494812012,17.7783621706898,80.8805909704758,2010
721,WLD,World,10368.8828174303,70.7473747971993,108.05721282959,72.6462173461914,31.0449199676514,17.869953507141894,81.2730255801158,2011
722,WLD,World,10460.1137656964,70.9822695893294,108.46085357666,73.9178085327148,32.278980255127,18.12471667112,81.34006500388209,2012
723,WSM,Samoa,3530.5739943531603,72.417,110.755928039551,87.6593170166016,,26.4578249070031,,2010
724,WSM,Samoa,4063.5639955260704,72.70126829268291,106.52871704101601,86.3735885620117,,23.152074211029397,,2011
725,WSM,Samoa,4257.06093488812,72.98004878048779,105.15772247314501,85.71044921875,,,,2012
726,YEM,Yemen,1310.05383929542,62.7687317073171,91.99561309814449,44.3042182922363,10.865309715271001,0.836404324876501,98.79699941550159,2010
727,YEM,Yemen,1282.39883187217,63.0535365853659,96.7122116088867,46.2305717468262,10.2864303588867,0.988630663730807,98.51510955845059,2011
728,YEM,Yemen,1289.0340776366802,63.327292682926796,96.8764801025391,46.8638191223145,,1.00075568537744,98.47997044234509,2012
729,ZAF,South Africa,7389.96026361652,54.390756097560995,104.376136779785,95.3937835693359,,16.882196564559802,87.5144413105238,2010
730,ZAF,South Africa,8080.865243390409,55.2956585365854,102.347702026367,98.45028686523442,,17.1091514799534,87.08589904365982,2011
731,ZAF,South Africa,7592.15799699268,56.0983170731707,101.58596038818399,101.894142150879,19.696849822998,16.9338140808662,86.9663471362664,2012
732,ZAR,Dem. Rep. Congo,311.247895989099,56.89614634146339,102.68235015869101,40.872161865234396,,96.84401237512371,3.20888929606774,2010
733,ZAR,Dem. Rep. Congo,350.27065424988297,57.39863414634149,105.17725372314501,43.140998840332,8.12530040740967,96.2616685405722,3.82857343284459,2011
734,ZAR,Dem. Rep. Congo,390.706603504545,57.85407317073171,110.898872375488,43.3397903442383,8.233630180358888,95.9568960827503,4.12581404840678,2012
735,ZMB,Zambia,1456.12652618031,56.38385365853661,111.396728515625,,,91.8009806576372,7.54227617474092,2010
736,ZMB,Zambia,1654.52528899089,57.4221951219512,112.97570037841801,,,90.4550195613109,8.60280407659817,2011
737,ZMB,Zambia,1686.6180240526196,58.3633170731707,113.597129821777,,,88.1521280758613,10.411087336811098,2012
738,ZWE,Zimbabwe,674.268695569663,49.574658536585396,,,6.21249008178711,77.7953595323635,26.6908078991735,2010
739,ZWE,Zimbabwe,768.556409302399,51.6003658536585,,,6.0217599868774405,75.7740041989035,28.372194326524898,2011
740,ZWE,Zimbabwe,850.827693995235,53.643073170731704,109.22888946533199,47.20413970947271,5.94416999816895,75.6025323245236,28.9468184237301,2012
